character	level
一	1
丁	7
七	1
万	2
丈	2
三	1
上	1
下	1
不	1
与	4
丐	7
丑	5
专	4
且	3
世	3
丘	7
丙	7
业	3
丛	7
东	1
丝	7
丢	3
两	1
严	4
丧	6
个	1
丫	7
中	1
丰	4
串	6
临	5
丸	7
丹	7
为	2
主	3
丽	4
举	4
乃	7
久	3
么	1
义	5
之	4
乌	6
乎	3
乏	5
乐	2
乒	4
乓	4
乖	7
乘	4
乙	5
九	1
乞	7
也	1
习	1
乡	4
书	1
买	1
乱	4
乳	7
了	1
予	6
争	4
事	1
二	1
于	3
亏	5
云	4
互	4
五	1
井	6
亚	4
些	1
亡	6
交	2
亦	7
产	4
亩	7
享	5
京	4
亭	7
亮	1
亲	4
人	1
亿	5
什	1
仁	7
仅	4
仆	7
仇	7
今	1
介	2
仍	4
从	2
仓	6
仔	4
他	1
仗	6
付	4
仙	7
代	5
令	5
以	1
仪	6
们	1
仰	6
仲	7
件	1
价	4
任	4
份	4
仿	5
企	5
伍	5
伏	7
伐	7
休	1
众	4
优	4
伙	4
会	1
伞	3
伟	5
传	5
伤	4
伦	7
伪	7
伯	7
估	4
伴	5
伸	5
伺	7
似	5
但	2
位	2
低	4
住	1
佑	7
体	2
何	4
余	5
佛	5
作	1
你	1
佣	7
佩	6
佳	5
使	4
侃	7
侄	6
侈	7
例	4
侍	7
供	4
依	5
侠	7
侣	7
侥	7
侦	7
侧	6
侨	7
侮	7
侵	7
便	1
促	5
俊	7
俏	7
俗	5
俘	7
保	4
信	3
俩	4
俭	7
修	4
俯	7
俱	6
倍	4
倒	4
倔	7
倘	7
候	1
倚	7
借	3
倡	5
倦	7
债	7
值	4
倾	6
假	3
偏	7
做	1
停	4
健	3
偶	4
偷	6
偿	6
傅	4
傍	5
储	6
催	5
傲	4
傻	5
像	3
僚	7
僧	7
僵	7
僻	7
儿	1
兀	7
允	4
元	1
兄	4
充	5
兆	7
先	1
光	4
克	4
免	4
兑	7
兔	5
党	7
兜	7
兢	7
入	4
全	3
八	1
公	1
六	1
兰	6
共	3
关	1
兴	1
兵	6
其	3
具	4
典	3
兹	7
养	3
兼	6
兽	7
内	4
册	5
再	1
冒	3
冗	7
写	1
军	5
农	4
冠	5
冤	7
冬	3
冰	3
冲	5
决	3
况	4
冶	7
冷	1
冻	5
净	3
凄	7
准	2
凉	3
凋	7
凌	3
减	4
凑	7
凝	7
几	1
凡	6
凤	7
凭	5
凯	7
凰	7
凳	7
凶	7
凸	7
凹	7
出	1
击	6
函	7
凿	7
刀	4
刁	7
分	1
切	4
刊	6
刑	7
划	4
列	4
则	4
刚	3
创	5
初	3
删	5
判	4
刨	7
利	4
别	2
刮	3
到	1
制	5
刷	3
券	6
刹	6
刺	5
刻	3
剂	7
剃	7
削	7
前	1
剑	6
剔	7
剖	7
剥	7
剧	4
剩	4
剪	5
副	5
割	6
劈	7
力	3
劝	5
办	3
功	4
加	3
务	3
劣	6
动	2
助	3
努	3
劫	7
励	4
劲	6
劳	5
势	5
勃	7
勇	4
勉	6
勋	7
勒	7
勘	7
募	7
勤	5
勺	3
勾	7
勿	7
匀	6
包	1
匆	6
化	3
北	3
匙	4
匠	7
匪	7
匹	5
区	3
医	1
匿	7
十	1
千	1
升	5
午	1
卉	7
半	1
华	5
协	5
卑	7
卓	7
单	3
卖	1
南	3
博	4
卜	7
占	5
卡	3
卤	7
卦	7
卧	5
卫	3
印	4
危	4
即	4
却	4
卵	7
卷	5
卸	7
厂	4
厄	7
厅	4
历	3
厉	4
压	4
厌	4
厕	4
厘	5
厚	4
原	4
厢	5
厦	5
厨	4
去	1
县	5
参	3
又	3
叉	5
及	4
友	1
双	3
反	4
发	3
叔	3
取	4
受	3
变	3
叙	6
叛	7
叠	7
口	1
古	5
句	3
另	4
叨	7
只	1
叫	1
召	5
叭	7
叮	7
可	1
台	4
史	3
右	2
叶	4
号	1
司	1
叹	7
叼	7
吁	7
吃	1
各	4
合	3
吉	6
吊	6
同	1
名	1
后	1
吏	7
吐	6
向	3
吓	6
吗	1
君	7
吝	7
吞	6
吟	7
否	4
吧	1
吨	5
吩	7
含	5
听	1
吭	7
启	6
吵	5
吸	4
吹	4
吻	7
吼	7
呀	5
呆	6
呈	6
告	2
呐	7
呕	7
员	3
呛	7
呜	7
呢	1
周	2
味	4
呵	7
呻	7
呼	4
命	4
咀	7
和	1
咐	7
咕	7
咖	2
咙	7
咧	7
咨	5
咬	5
咱	3
咳	4
咸	4
咽	7
哀	7
品	4
哄	7
哆	7
哇	6
哈	5
响	3
哎	5
哑	7
哗	7
哥	1
哦	5
哨	7
哪	1
哭	3
哲	5
哺	7
哼	7
哽	7
唆	7
唇	7
唉	5
唐	7
唠	7
唤	7
唬	7
售	4
唯	5
唱	1
唾	7
啃	7
商	1
啊	2
啡	2
啤	3
啦	6
啬	7
啰	7
啸	7
喂	1
善	5
喇	7
喉	7
喊	4
喘	7
喜	1
喝	1
喧	7
喷	6
喻	5
嗅	7
嗓	6
嗜	7
嗦	7
嗯	4
嗽	4
嘀	7
嘈	7
嘉	5
嘛	6
嘱	7
嘲	6
嘴	3
嘿	6
器	5
噩	7
噪	6
嚏	7
嚣	7
嚷	7
嚼	7
囊	7
囚	7
四	1
回	1
因	2
团	5
园	3
困	4
囱	7
围	4
固	5
国	1
图	3
圆	5
圈	6
土	4
圣	7
在	1
地	2
场	2
圾	4
址	4
均	5
坊	7
坎	7
坏	2
坐	1
坑	7
块	1
坚	3
坛	6
坝	7
坟	7
坠	7
坡	6
坦	7
坪	7
坷	7
垂	6
垃	4
垄	7
型	5
垒	7
垦	7
垫	7
垮	7
埋	6
城	3
域	5
培	5
基	4
堂	4
堆	5
堕	7
堡	7
堤	7
堪	7
堵	4
塌	7
塑	4
塔	6
塘	7
塞	6
填	4
境	3
墅	7
墓	7
墙	5
增	4
墟	7
墨	7
壁	6
壤	6
士	1
壮	6
声	3
壳	7
壶	6
处	3
备	2
复	3
夏	3
夕	5
外	1
多	1
夜	4
够	4
大	1
天	1
太	1
夫	2
央	6
夯	7
失	4
头	2
夷	7
夸	6
夹	6
夺	6
奇	3
奈	5
奉	6
奋	4
奏	6
契	7
奔	6
奖	4
套	4
奚	7
奠	7
奢	7
奥	7
女	1
奴	7
奶	1
奸	7
她	1
好	1
如	3
妄	7
妆	6
妇	5
妈	1
妒	7
妖	7
妙	6
妥	7
妨	6
妹	1
妻	2
姆	7
始	2
姐	1
姑	4
姓	2
委	6
姜	7
姥	5
姨	3
姻	6
姿	5
威	5
娃	6
娇	7
娘	4
娱	5
娶	6
婆	5
婉	7
婚	3
婪	7
婴	6
婿	7
媒	5
媚	7
媲	7
媳	6
嫁	6
嫂	7
嫉	7
嫌	6
嫩	7
嬉	7
子	1
孔	7
孕	6
字	1
存	4
孙	4
孝	7
季	3
孤	6
学	1
孩	1
孪	7
孵	7
宁	7
它	1
宅	6
宇	7
守	5
安	3
完	2
宏	6
宗	7
官	6
宙	7
定	3
宜	1
宝	5
实	3
宠	5
审	6
客	1
宣	5
室	2
宪	7
宫	6
宰	7
害	3
宴	6
宵	6
家	1
容	3
宽	5
宾	3
宿	5
寂	6
寄	4
密	4
富	4
寐	7
寒	4
寓	5
寝	7
寞	6
察	4
寡	7
寥	7
寨	7
寸	6
对	1
寺	7
寻	5
导	4
寿	6
封	3
射	6
将	4
尊	4
小	1
少	1
尔	4
尖	6
尘	6
尚	6
尝	3
尤	4
尬	6
就	2
尴	6
尸	7
尺	5
尽	4
尾	5
尿	7
局	5
屁	7
层	3
居	3
屈	6
屉	7
届	5
屋	3
屎	7
屏	5
屑	7
展	3
属	5
屠	7
屡	7
履	6
山	3
屹	7
屿	7
岁	1
岂	7
岔	7
岖	7
岗	6
岛	6
岩	7
岭	7
岳	7
岸	6
峙	7
峡	7
峭	7
峰	6
峻	7
崇	6
崎	7
崖	7
崛	7
崩	7
崭	6
嵌	7
巅	7
川	7
州	6
巡	7
巢	7
工	1
左	2
巧	4
巨	5
巩	6
差	3
己	2
已	2
巴	4
巷	7
巾	4
币	5
市	1
布	5
帅	4
帆	6
师	1
希	2
帐	7
帕	7
帖	7
帘	7
帚	7
帜	7
帝	6
带	3
席	5
帮	2
帷	7
常	1
帽	4
幄	7
幅	4
幕	5
幢	7
干	3
平	3
年	1
并	4
幸	4
幻	6
幼	5
幽	4
广	4
庄	6
庆	4
庇	7
床	1
序	4
库	5
应	3
底	4
店	2
庙	7
府	5
庞	6
废	7
度	4
座	4
庭	4
康	3
庸	7
廉	7
廊	6
廓	7
延	5
廷	7
建	4
开	1
异	6
弃	4
弄	4
弈	7
弊	7
式	4
弓	7
引	4
弘	7
弛	7
弟	1
张	3
弥	6
弦	7
弯	5
弱	5
弹	4
强	4
归	6
当	3
录	5
形	5
彩	4
彬	7
彰	7
影	1
役	7
彻	5
彼	5
往	2
征	5
径	6
待	4
很	1
徊	7
律	4
徐	7
徒	6
得	1
徘	7
徙	7
御	7
循	6
微	4
德	6
徽	7
心	3
必	3
忆	4
忌	7
忍	5
志	4
忘	2
忙	1
忠	7
忧	6
快	2
念	5
忽	4
怀	4
态	4
怂	7
怎	1
怒	6
怕	3
怖	7
怜	6
思	2
怠	7
怡	7
急	3
性	4
怨	5
怪	3
怯	7
总	3
恋	5
恍	7
恐	4
恒	7
恕	7
恢	5
恤	7
恨	6
恩	7
恭	5
息	1
恰	6
恳	7
恶	6
恼	4
恿	7
悄	5
悉	4
悔	4
悟	7
悠	5
患	6
悦	7
您	1
悬	7
悲	6
悴	7
悼	7
情	2
惊	4
惋	7
惑	6
惕	7
惜	4
惠	5
惦	7
惧	6
惨	7
惩	6
惫	7
惬	7
惭	7
惮	7
惯	3
惰	7
想	1
惹	7
愁	6
愈	7
愉	4
意	2
愚	7
感	3
愣	7
愤	6
愧	7
愿	3
慈	7
慌	7
慎	5
慑	7
慕	4
慢	2
慧	5
慨	7
慰	5
慷	7
憋	7
憔	7
憧	7
憨	7
憬	7
憾	5
懂	2
懈	7
懒	4
戈	7
戏	3
成	3
我	1
戒	6
或	3
战	5
戚	4
截	6
戳	7
戴	4
户	4
房	1
所	2
扁	7
扇	5
手	1
才	3
扎	6
扑	6
扒	7
打	1
扔	4
托	6
扛	7
扣	5
执	5
扩	5
扫	3
扬	4
扭	6
扮	5
扯	7
扰	4
扳	7
扶	5
批	4
找	1
承	5
技	4
抄	6
抉	7
把	3
抑	6
抒	7
抓	5
投	5
抖	7
抗	6
折	4
抚	7
抛	6
抠	7
抡	7
抢	5
护	3
报	3
抨	7
披	6
抬	4
抱	4
抵	6
抹	7
押	5
抽	5
拄	7
担	3
拆	5
拇	7
拉	4
拌	7
拍	3
拎	7
拐	6
拒	4
拓	7
拔	6
拖	5
拘	7
拙	7
招	4
拜	6
拟	6
拢	7
拣	7
拥	5
拦	6
拧	7
拨	5
择	3
括	5
拯	7
拱	7
拳	7
拴	7
拼	5
拽	7
拾	4
拿	2
持	3
挂	4
指	4
按	4
挎	7
挑	5
挖	6
挚	7
挟	7
挠	7
挡	5
挣	5
挤	5
挥	5
挨	7
挪	7
挫	6
振	7
挺	3
挽	7
捂	7
捅	7
捆	7
捉	6
捍	7
捎	7
捏	7
捐	5
捕	6
捞	7
损	5
捡	5
换	3
捣	7
捧	6
据	3
捶	7
捷	6
掀	7
授	4
掉	4
掌	5
掏	6
掐	7
排	4
掘	7
掠	7
探	6
接	3
控	5
推	4
掩	7
措	5
掰	7
掷	7
掺	7
揉	7
揍	7
描	5
提	3
插	5
揠	7
握	5
揣	7
揪	7
揭	7
援	6
揽	7
搀	7
搁	7
搂	7
搅	7
搏	7
搓	7
搜	5
搞	5
搬	3
搭	6
携	6
摄	4
摆	6
摇	5
摊	7
摔	5
摘	5
摧	7
摩	6
摸	5
撇	7
撑	6
撒	6
撕	7
撞	5
撤	6
撬	7
播	4
撰	7
撵	7
撼	7
擅	5
操	4
擎	7
擦	4
攀	7
攒	7
攘	7
支	4
收	3
改	4
攻	6
放	3
政	5
故	3
效	4
敌	5
敏	5
救	5
教	2
敛	7
敞	7
敢	4
散	4
敦	7
敬	5
数	3
敲	4
整	4
敷	7
文	1
斑	7
斗	5
料	3
斜	5
斟	7
斤	3
斥	7
斧	7
斩	7
断	4
新	1
方	3
施	5
旁	2
旅	2
旋	6
族	4
旗	6
无	4
既	4
日	1
旦	5
旧	3
旨	7
早	1
旬	6
旭	7
旱	6
时	1
旷	7
旺	7
昂	6
昆	5
昌	7
明	1
昏	7
易	3
昔	7
星	1
映	5
春	3
昧	7
昨	1
是	1
昼	7
显	5
晃	7
晋	7
晒	5
晓	7
晕	6
晚	1
晤	7
晨	4
普	4
景	4
晰	6
晴	2
晶	7
智	5
晾	6
暂	4
暄	7
暑	4
暖	4
暗	5
暧	7
暨	7
暮	7
暴	5
曙	7
曝	7
曰	7
曲	5
更	3
曾	5
替	5
最	2
月	1
有	1
朋	1
服	1
朗	6
望	2
朝	5
期	1
朦	7
木	5
未	5
末	3
本	1
术	4
朱	7
朴	6
朵	3
机	1
朽	7
杀	6
杂	4
权	5
杆	7
李	3
材	4
村	4
杖	7
杜	7
束	3
杠	7
条	1
来	1
杨	7
杯	1
杰	6
松	4
板	3
极	3
构	5
枉	7
析	5
枕	6
林	4
枚	7
果	1
枝	6
枢	7
枣	7
枪	6
枯	6
架	5
柄	7
柏	7
某	5
染	4
柔	6
柜	5
查	3
柬	7
柱	7
柳	7
柴	6
柿	4
标	4
栋	6
栏	6
树	3
栖	7
校	1
株	6
样	1
核	6
根	3
格	4
栽	7
桂	7
桃	5
框	7
案	4
桌	1
桑	7
档	5
桥	4
桨	7
桩	7
桶	4
梁	6
梅	6
梢	7
梦	4
梨	5
梭	7
梯	3
械	6
梳	7
检	3
棉	6
棋	6
棍	6
棒	4
棕	6
棘	7
棚	7
森	4
棱	7
棵	4
棺	7
椅	1
植	4
椎	6
椒	6
椭	7
椰	7
楚	3
楷	7
楼	2
概	3
榜	6
榨	7
槐	7
槛	7
槽	7
模	5
横	6
橘	5
橙	5
橡	5
橱	7
檐	7
欠	5
次	2
欢	1
欣	5
欧	5
欲	6
欺	6
款	5
歇	6
歉	4
歌	1
止	4
正	1
此	4
步	2
武	5
歧	7
歪	6
歹	7
死	4
歼	7
殃	7
殊	5
残	6
殖	6
殴	7
段	3
殷	7
殿	7
毁	7
毅	7
母	4
每	2
毒	6
比	2
毕	4
毙	7
毛	3
毫	6
毯	7
氏	4
民	4
氓	7
气	1
氛	6
氧	6
水	1
永	4
汁	4
求	3
汇	5
汉	1
汗	4
汛	7
江	4
池	5
污	4
汤	4
汪	7
汰	6
汲	7
汹	7
汽	3
沃	6
沉	5
沏	7
沐	7
沙	3
沛	7
沟	5
没	1
沧	7
沫	7
沮	7
河	3
沸	7
油	4
治	5
沼	7
沾	7
沿	5
泄	7
泉	3
泊	7
泌	7
法	3
泛	5
泞	7
泡	6
波	7
泣	7
泥	6
注	3
泪	5
泰	7
泳	2
泻	7
泼	4
泽	7
洁	6
洋	4
洒	5
洗	2
洞	5
津	7
洪	6
洲	4
活	3
洽	7
派	5
流	4
浅	5
浆	5
浇	5
浊	7
测	5
济	4
浏	5
浑	7
浓	5
浩	7
浪	4
浮	6
浴	6
海	3
浸	7
涂	7
消	4
涉	6
涌	6
涕	7
涛	7
涝	7
涡	7
涤	7
润	5
涨	5
涩	7
涮	7
涯	7
液	6
涵	6
淀	7
淆	7
淋	6
淌	7
淘	6
淡	5
淤	7
深	4
淳	7
混	6
淹	6
添	6
清	3
渊	7
渐	5
渔	7
渗	7
渠	6
渡	6
渣	7
温	4
港	6
渴	3
游	2
渺	7
湃	7
湖	5
湛	7
湾	7
湿	5
溃	7
溅	7
溉	7
源	5
溜	7
溢	7
溪	7
溯	7
溶	7
溺	7
滋	7
滑	5
滔	7
滚	5
滞	7
满	3
滤	7
滥	7
滨	7
滩	7
滴	6
漂	1
漆	7
漏	5
演	3
漠	5
漫	4
漱	6
漾	7
潇	7
潜	6
潦	7
潭	7
潮	6
澄	7
澈	7
澎	7
澜	7
澡	3
激	3
濒	7
瀑	7
瀚	7
灌	7
火	1
灭	6
灯	3
灰	5
灵	5
灶	7
灸	7
灼	7
灾	6
灿	7
炉	7
炊	7
炎	6
炒	5
炖	7
炫	7
炬	7
炭	7
炮	7
炸	5
点	1
炼	3
烁	7
烂	6
烈	5
烘	7
烛	7
烟	4
烤	4
烦	4
烧	3
烫	6
热	1
烹	7
焕	7
焙	7
焚	7
焦	6
焰	7
然	2
煌	7
煎	7
煤	6
照	3
煮	5
煲	7
煽	7
熄	7
熊	3
熏	7
熙	7
熟	4
熨	7
熬	5
燃	5
燕	7
燥	6
爆	6
爪	7
爬	3
爱	1
父	4
爷	2
爸	1
爹	7
爽	7
片	3
版	5
牌	4
牙	3
牛	1
牡	7
牢	6
牧	7
物	3
牲	7
牵	6
特	3
牺	7
犀	7
犬	7
犯	6
状	5
犹	5
狂	5
狈	7
狐	7
狗	1
狠	6
狡	7
独	5
狭	7
狮	6
狱	7
狸	7
狼	6
猎	7
猖	7
猛	7
猜	4
猩	7
猪	5
猫	1
献	5
猴	5
猾	7
玄	7
率	5
玉	5
王	6
玩	1
玫	5
环	3
现	1
玻	5
珍	5
珠	6
班	1
球	2
理	3
琐	7
琢	7
琴	4
瑕	7
瑞	7
瑰	5
璀	7
璃	5
璨	7
瓜	3
瓣	7
瓦	7
瓶	3
瓷	6
甘	7
甚	4
甜	3
生	1
甥	6
用	3
甩	7
田	6
由	4
甲	5
申	4
电	1
男	1
甸	7
画	2
畅	6
界	3
畏	7
畔	7
留	2
畜	7
略	6
番	5
畴	7
畸	7
疆	7
疏	7
疑	4
疗	5
疙	7
疤	7
疫	6
疯	5
疲	6
疵	7
疼	2
疾	5
病	1
症	6
痒	6
痕	6
痛	4
痪	7
痰	7
痴	7
痹	7
瘟	7
瘤	7
瘦	3
瘩	7
瘫	7
瘸	7
瘾	7
癌	7
登	4
白	1
百	1
皂	7
的	1
皆	7
皇	6
皮	4
皱	7
盆	5
盈	7
益	5
盏	7
盐	4
监	6
盒	4
盖	5
盗	7
盘	3
盛	6
盟	7
目	3
盯	7
盲	6
直	3
相	3
盹	7
盼	6
盾	5
省	4
眉	6
看	1
真	1
眠	5
眨	7
眯	7
眶	7
眺	7
眼	2
着	2
睁	6
睐	7
睛	2
睡	1
督	6
睦	7
睬	7
睹	7
瞄	7
瞅	7
瞎	7
瞒	7
瞧	6
瞩	7
瞪	7
瞬	6
瞻	7
矗	7
矛	5
矢	7
矣	7
知	1
矩	6
矫	7
短	3
矮	3
石	5
矿	3
码	3
砌	7
砍	6
研	4
砖	6
破	4
砸	7
础	4
硕	4
硬	5
确	4
碌	5
碍	6
碎	5
碑	7
碗	3
碟	7
碧	7
碰	5
碳	6
磁	7
磅	7
磊	7
磋	7
磕	7
磨	7
礁	7
示	4
礼	3
社	4
祀	7
祈	7
祖	6
祝	4
神	5
祥	6
票	2
祭	7
祷	7
祸	5
禁	4
禅	7
福	4
离	2
禽	7
禾	7
秀	4
私	5
秃	7
秉	7
秋	3
种	3
科	4
秒	4
秘	5
租	1
秤	7
秧	7
秩	6
积	4
称	5
移	5
秽	7
稀	7
程	4
稍	4
税	5
稚	7
稠	7
稳	5
稻	6
稼	6
稽	7
稿	6
穴	7
究	4
穷	5
空	3
穿	1
突	3
窃	7
窄	5
窍	7
窑	7
窒	7
窗	4
窘	7
窜	7
窝	7
窟	7
窥	7
窿	7
立	5
竖	6
站	2
竞	4
竟	4
章	4
竣	7
童	4
竭	7
端	6
竹	5
竿	7
笑	2
笔	2
笛	7
符	4
笨	4
第	1
笼	6
等	2
筋	7
筐	7
筑	5
筒	6
答	3
策	6
筛	6
筝	7
筷	3
筹	6
签	4
简	3
算	3
管	4
箭	6
箱	3
篇	4
篮	2
篷	7
簇	7
簸	7
籍	4
米	1
类	5
籽	7
粉	6
粒	6
粕	7
粗	4
粘	6
粥	6
粪	7
粮	5
粹	7
粽	6
精	4
糊	5
糕	3
糖	3
糙	7
糟	5
系	1
紊	7
素	5
索	5
紧	4
紫	5
累	2
絮	7
繁	5
纠	6
红	2
纤	7
约	4
级	3
纪	4
纬	7
纯	6
纱	7
纲	7
纳	6
纵	7
纷	5
纸	3
纹	7
纺	7
纽	7
线	4
练	3
组	4
绅	7
细	4
织	5
终	3
绊	7
绍	2
绎	7
经	2
绑	7
绒	6
结	3
绕	5
绘	6
给	1
络	5
绝	4
绞	7
统	5
绣	7
继	4
绩	3
绪	5
续	4
绯	7
绰	7
绳	7
维	5
绵	7
绷	7
绸	7
综	5
绽	7
绿	2
缀	7
缅	7
缆	7
缉	7
缓	5
缔	7
缕	7
编	6
缘	7
缚	7
缝	7
缠	7
缤	7
缩	5
缴	7
缸	7
缺	4
罐	6
网	2
罕	6
罗	7
罚	5
罢	7
罩	7
罪	6
置	5
署	7
羊	3
美	4
羞	4
羡	4
群	5
羽	3
翁	7
翅	5
翔	7
翘	7
翠	7
翻	4
翼	7
耀	7
老	1
考	2
者	3
而	3
耍	7
耐	4
耕	7
耗	6
耘	7
耳	3
耸	7
耻	7
耽	6
耿	7
聆	7
聊	3
聋	7
职	4
联	4
聘	4
聚	4
聪	3
肃	5
肆	7
肇	7
肉	2
肌	5
肖	5
肚	4
肝	6
肠	6
股	6
肢	7
肤	4
肥	5
肩	6
肪	6
肯	4
育	3
肴	7
肺	6
肾	7
肿	6
胀	7
胁	5
胃	5
胆	5
背	4
胎	7
胖	3
胚	7
胜	5
胞	6
胡	5
胧	7
胳	4
胶	6
胸	6
能	1
脂	6
脆	6
脉	7
脊	7
脏	3
脑	1
脖	6
脚	3
脱	4
脸	3
脾	4
腆	7
腊	7
腐	5
腔	6
腕	7
腥	7
腰	5
腹	7
腻	7
腼	7
腾	7
腿	3
膀	5
膊	4
膏	4
膛	7
膜	7
膝	7
膨	7
膳	7
臀	7
臂	6
臣	6
自	2
臭	5
至	4
致	5
舅	6
舆	7
舌	6
舍	5
舒	2
舔	7
舞	2
舟	7
航	4
般	3
舰	7
舱	7
舵	7
舶	7
船	3
艇	7
艘	6
良	5
艰	5
色	2
艳	6
艺	4
艾	7
节	3
芒	7
芝	7
芬	7
芭	7
芯	7
花	2
芳	7
芽	7
苍	7
苏	7
苗	7
苛	7
苟	7
若	7
苦	4
英	6
苹	1
茁	7
茂	7
范	5
茄	5
茉	7
茎	7
茫	7
茶	1
荆	7
草	3
荐	5
荒	7
荡	7
荣	5
荤	7
荧	7
荫	7
药	2
荷	7
莅	7
莉	7
莫	7
莲	7
获	4
莹	7
莽	7
菇	7
菊	6
菌	6
菜	1
菩	7
萄	4
萌	7
萍	7
萎	7
萝	7
营	5
萧	7
萨	7
落	4
著	4
葡	4
董	7
葬	7
葱	7
蒂	7
蒙	7
蒜	7
蒸	7
蓄	6
蓝	3
蓬	7
蔑	7
蔓	7
蔚	7
蔬	5
蔼	7
蔽	7
蕉	3
蕴	7
蕾	7
薄	5
薪	6
薯	6
藏	5
藐	7
藤	7
藻	7
蘑	7
蘸	7
虎	4
虏	7
虐	7
虑	4
虔	7
虚	5
虫	5
虹	6
虽	2
虾	7
蚀	7
蚁	6
蚂	6
蚊	7
蛀	7
蛇	5
蛋	1
蛙	7
蛮	7
蜂	6
蜜	6
蜡	7
蝇	7
蝴	5
蝶	5
螃	7
融	6
螺	7
蟹	7
蠢	7
血	4
衅	7
行	3
衍	7
衔	7
街	3
衡	5
衣	1
补	5
表	2
衫	3
衬	3
衰	6
衷	7
袋	4
袍	7
袖	6
袜	4
被	3
袭	7
袱	7
裁	5
裂	7
装	4
裔	7
裕	6
裙	3
裤	2
裳	7
裸	7
裹	5
褒	7
西	1
要	1
覆	6
见	1
观	4
规	4
觅	7
视	1
览	5
觉	1
角	3
解	3
触	5
言	3
誉	6
誓	7
警	4
譬	7
计	4
订	4
认	1
讥	7
讨	4
让	2
训	5
议	3
讯	6
记	2
讲	3
讳	7
讶	6
许	4
讹	7
论	4
讼	7
讽	7
设	5
访	5
诀	7
证	4
评	4
识	1
诈	7
诉	2
诊	5
词	2
译	4
试	2
诗	5
诚	4
话	1
诞	6
诠	7
诡	7
询	5
该	3
详	4
诧	7
诫	7
诬	7
语	1
误	4
诱	7
说	1
诵	7
请	1
诸	6
诺	6
读	1
诽	7
课	1
谁	1
调	3
谅	4
谈	4
谊	4
谋	7
谍	7
谎	7
谐	6
谓	6
谜	7
谢	1
谣	7
谤	7
谦	6
谨	5
谬	7
谱	7
谴	7
谷	7
豁	7
豆	5
豚	7
象	4
豪	6
豫	5
豹	7
貌	4
贝	5
贞	7
负	4
贡	5
财	6
责	4
贤	7
败	4
账	4
货	4
质	4
贩	7
贪	7
贫	6
贬	7
购	4
贮	7
贯	6
贱	7
贴	5
贵	1
贷	6
贸	6
费	4
贺	4
贼	7
贾	7
贿	7
赁	7
赂	7
赃	7
资	4
赋	6
赌	7
赎	7
赏	5
赐	7
赔	5
赖	6
赘	7
赚	4
赛	3
赞	5
赠	5
赡	7
赢	4
赤	7
赫	7
走	2
赴	7
赶	4
起	1
趁	6
超	1
越	3
趋	5
趟	4
趣	3
足	2
趴	7
跃	6
跌	6
跑	2
距	4
跟	2
跤	7
跨	7
跪	6
路	2
跳	2
践	5
跷	7
踊	7
踏	6
踢	2
踩	6
踪	6
踹	7
蹈	5
蹊	7
蹋	7
蹦	7
蹬	7
蹭	7
蹲	6
躁	7
身	2
躬	7
躯	7
躲	5
躺	4
车	1
轨	6
转	4
轮	6
软	5
轰	7
轴	7
轻	3
载	5
轿	7
较	3
辅	6
辆	3
辈	6
辉	7
辐	7
辑	5
输	4
辕	7
辖	7
辗	7
辙	7
辛	4
辜	7
辞	5
辟	7
辣	4
辨	7
辩	7
辫	7
辰	7
辱	7
边	1
辽	7
达	4
迁	7
迄	7
迅	5
过	2
迈	6
迎	3
运	2
近	2
返	5
还	1
这	1
进	2
远	2
违	5
连	4
迟	3
迪	7
迫	6
迭	7
述	5
迷	4
迸	7
迹	5
追	5
退	5
送	2
适	3
逃	6
逆	7
选	3
逊	7
透	6
逐	5
递	4
途	5
逗	6
通	4
逛	4
逝	7
逞	7
速	4
造	5
逢	7
逮	7
逸	7
逻	5
逼	6
逾	7
遇	3
遍	3
遏	7
道	1
遗	5
遛	7
遣	7
遥	6
遭	6
遮	7
遵	5
避	5
邀	4
邃	7
那	1
邪	7
邮	3
邻	3
郁	7
郊	4
郎	5
郑	7
部	4
都	1
鄙	7
酌	7
配	5
酒	2
酗	7
酝	7
酣	7
酥	7
酪	7
酬	7
酱	6
酵	7
酷	6
酸	4
酿	7
醇	7
醉	5
醋	6
醒	4
采	5
释	4
里	1
重	3
野	6
量	4
金	4
鉴	6
针	4
钉	7
钓	6
钙	7
钝	7
钞	7
钟	1
钢	4
钥	4
钦	7
钧	7
钩	7
钮	7
钱	1
钻	6
铁	2
铃	5
铅	3
铜	6
铭	7
铲	7
银	3
铸	7
铺	6
链	6
销	5
锁	5
锄	7
锅	5
锈	7
锋	7
锐	7
错	2
锡	7
锤	7
锦	7
键	4
锲	7
锻	3
镇	6
镜	4
镶	7
长	2
门	2
闪	6
闭	5
问	1
闯	6
闲	5
间	1
闷	7
闸	7
闹	4
闺	7
闻	3
阀	7
阁	7
阂	7
阅	4
阎	7
阐	7
阔	6
队	4
阱	7
防	5
阳	3
阴	2
阵	5
阶	5
阻	5
阿	3
附	3
际	4
陆	5
陈	7
陋	7
陌	5
降	4
限	5
陡	7
院	1
除	3
陨	7
险	4
陪	4
陵	7
陶	7
陷	6
隆	7
随	4
隐	6
隔	5
隘	7
隙	7
障	6
隧	7
隶	7
难	3
雀	7
雁	7
雄	6
雅	7
集	5
雇	7
雌	7
雕	7
雨	1
雪	1
零	1
雷	6
雹	7
雾	5
需	3
震	5
霉	7
霍	7
霜	7
霞	7
露	6
霸	7
青	4
静	3
非	1
靠	5
面	1
革	5
靴	7
靶	7
鞋	3
鞠	7
鞭	7
韧	7
音	3
韵	7
页	3
顶	6
顷	7
项	4
顺	4
须	3
顽	6
顾	3
顿	4
颁	7
颂	7
预	4
领	5
颇	7
颈	6
颊	7
频	4
颓	7
颖	6
颗	5
题	1
颜	2
额	6
颠	7
颤	7
风	3
飘	6
飙	7
飞	1
食	4
餐	4
饥	6
饪	7
饭	1
饮	3
饰	5
饱	3
饲	7
饵	7
饶	7
饺	3
饼	4
饿	3
馁	7
馅	7
馆	2
馈	6
馋	7
馒	4
首	4
香	3
馨	7
马	3
驭	7
驮	7
驯	7
驰	7
驱	7
驳	7
驶	5
驻	7
驾	5
骂	5
骄	4
骇	7
验	4
骏	7
骑	3
骗	5
骚	7
骤	6
骨	6
骼	7
髓	7
高	1
髦	7
鬼	7
魁	7
魂	7
魄	7
魅	5
魔	7
鱼	2
鲁	7
鲜	3
鲤	7
鲨	6
鲸	7
鳄	7
鸟	2
鸡	1
鸣	7
鸦	7
鸭	5
鸽	7
鹅	7
鹏	7
鹤	7
鹰	7
鹿	7
麟	7
麦	6
麻	4
黄	3
黎	7
黏	7
黑	2
默	4
鼎	7
鼓	4
鼠	5
鼻	4
齐	5
齿	5
龄	4
龙	5
龟	6
