word	level
一	1
一一	6
一下	1
一丝不苟	7
一举	7
一举一动	7
一举两得	7
一事无成	7
一些	1
一代	5
一会儿	2
一体	7
一共	3
一再	6
一切	4
一动不动	7
一半	1
一口气	6
一同	6
一向	6
一味	7
一块儿	3
一塌糊涂	7
一声不吭	7
一头	7
一如既往	7
一定	3
一帆风顺	6
一带	6
一干二净	7
一并	7
一应俱全	7
一度	7
一律	6
一心	7
一心一意	7
一成不变	7
一手	7
一技之长	7
一揽子	7
一旁	7
一无所有	7
一无所知	7
一旦	5
一早	7
一时	6
一晃	7
一样	3
一概	7
一概而论	7
一模一样	6
一次性	5
一毛不拔	7
一流	6
一点儿	1
一生	4
一目了然	7
一直	3
一筹莫展	7
一系列	6
一线	7
一经	7
一致	5
一般	3
一行	7
一言一行	7
一言不发	7
一贯	6
一起	2
一路	5
一路顺风	5
一身	6
一辈子	6
一边	3
一连	7
一连串	7
一道	6
一针见血	7
一阵	6
一面	7
一鼓作气	7
一齐	7
丁	7
七	1
七嘴八舌	7
万	2
万一	5
万万	7
万分	7
万无一失	7
万物	6
万能	7
丈夫	2
三	1
三番五次	7
三维	7
三角	7
上	1
上下	5
上任	7
上传	5
上升	5
上午	1
上半场	7
上去	2
上台	6
上司	7
上场	7
上学	1
上层	7
上岗	7
上市	6
上当	6
上报	7
上旬	6
上映	7
上来	2
上涨	5
上游	7
上演	7
上火	7
上班	1
上瘾	7
上空	7
上级	6
上网	2
上行	7
上衣	3
上诉	7
上课	1
上调	7
上进	6
上述	6
上门	4
上限	7
上面	2
下	1
下令	7
下功夫	6
下午	1
下半场	7
下单	6
下去	2
下台	7
下场	7
下坠	7
下属	7
下意识	7
下手	7
下旬	6
下来	2
下游	7
下滑	7
下班	1
下级	7
下线	6
下落	7
下行	7
下课	1
下调	7
下跌	7
下载	5
下达	7
下降	4
下雨	1
下面	2
不	1
不下	7
不久	3
不乏	7
不了了之	7
不予	7
不亚于	7
不亦乐乎	7
不仅	4
不以为然	7
不但	3
不便	4
不假思索	7
不像话	7
不光	4
不免	7
不准	7
不利	5
不力	7
不动产	7
不厌其烦	7
不及	7
不可思议	7
不可或缺	7
不同	3
不堪	7
不够	4
不好意思	2
不如	4
不妙	7
不妨	7
不安	6
不定	7
不宜	6
不客气	1
不容	7
不屑	7
不已	6
不平	7
不幸	5
不当	7
不得	6
不得不	4
不得了	5
不得已	7
不得而知	7
不必	4
不惜	7
不愧	7
不慎	7
不懈	7
不成	6
不折不扣	7
不敢当	7
不料	6
不断	4
不时	6
不景气	7
不曾	6
不服	7
不止	6
不正之风	7
不法	7
不满	4
不然	5
不用	3
不由得	7
不由自主	7
不相上下	7
不知不觉	7
不知所措	7
不禁	6
不符	5
不算	7
不管	4
不约而同	7
不经意	7
不翼而飞	7
不耐烦	6
不耻下问	7
不肖	7
不至于	6
不良	5
不行	3
不要	1
不要紧	5
不见	3
不见得	7
不解	7
不言而喻	7
不许	6
不论	4
不足	5
不辞而别	7
不过	4
不适	6
不错	2
不顾	6
与	4
与众不同	7
与其	6
与否	7
与日俱增	7
与时俱进	7
丑	5
丑恶	7
丑闻	7
丑陋	7
专业	4
专人	7
专利	6
专制	7
专卖	7
专家	5
专心	5
专柜	7
专栏	7
专注	6
专用	6
专科	6
专程	7
专职	7
专著	7
专辑	7
专长	7
专门	4
专项	7
专题	6
且	7
世人	7
世代	7
世故	7
世界	3
世纪	4
世间	7
丘陵	7
丙	7
业	6
业余	5
业务	5
业绩	7
丛	7
丛林	7
东	3
东北	3
东南	3
东奔西走	7
东张西望	7
东方	3
东西	1
东道主	7
东部	4
丝	7
丝毫	7
丝绸	7
丢	3
丢三落四	7
丢人	7
丢失	5
丢弃	7
丢脸	7
两	1
两下子	7
两口子	7
两岸	6
两手	7
两极	6
两栖	7
两翼	7
严	6
严厉	6
严密	7
严寒	6
严峻	7
严格	4
严禁	6
严肃	5
严谨	7
严重	4
丧失	6
丧生	7
个	1
个人	5
个体	6
个别	5
个头儿	7
个子	2
个性	5
个案	7
丫头	7
中	3
中介	5
中医	5
中午	1
中华	5
中华民族	5
中叶	7
中国	1
中外	5
中央	6
中奖	6
中学	1
中学生	1
中年	4
中庸	7
中心	5
中性	7
中文	1
中断	6
中旬	6
中暑	6
中期	5
中止	7
中毒	6
中立	7
中等	6
中级	5
中药	5
中途	7
中间	3
中餐	4
丰厚	7
丰富	4
丰富多彩	5
丰收	6
丰满	7
丰盛	7
丰硕	7
串	6
串门	7
临	7
临床	7
临时	5
临街	7
临近	7
丸	7
丸子	7
为	3
为了	3
为人	7
为什么	2
为何	6
为期	6
为止	6
为此	6
为难	6
主义	7
主人	5
主人公	7
主任	5
主体	7
主力	7
主办	6
主动	5
主宰	7
主导	6
主席	5
主张	6
主意	4
主打	7
主持	5
主播	6
主权	7
主流	6
主演	6
主管	6
主编	7
主要	3
主观	5
主角	6
主页	7
主题	5
主题曲	7
主食	5
举	4
举一反三	7
举世瞩目	7
举例	4
举办	4
举动	6
举报	7
举措	7
举棋不定	7
举止	7
举行	4
举足轻重	7
举重	7
乃	7
乃至	7
久	3
久仰	7
久远	5
久违	7
义务	5
义工	7
之	4
之中	4
之前	4
之后	4
之所以	6
之间	4
之际	7
乌云	7
乌龟	6
乏力	7
乐于	6
乐器	6
乐园	7
乐意	7
乐曲	6
乐此不疲	7
乐观	5
乐谱	7
乐趣	5
乐队	7
乒乓球	4
乖	7
乖巧	7
乘	4
乘务员	5
乘坐	4
乘客	4
乙	5
九	1
乞丐	7
乞求	7
乞讨	7
也	1
也好	6
也许	4
习俗	6
习惯	3
乡	5
乡下	7
乡亲	7
乡村	5
书	1
书写	6
书包	2
书店	1
书房	5
书架	5
书法	5
书画	6
书籍	6
书记	7
书面	6
买	1
买卖	5
乱	4
乱七八糟	7
乳制品	7
了	1
了不起	5
了结	7
了解	3
予以	7
争	5
争先恐后	7
争光	7
争分夺秒	7
争取	5
争吵	6
争夺	6
争执	7
争气	7
争相	7
争端	7
争议	6
争论	6
争辩	7
事	1
事业	5
事件	5
事先	5
事务	6
事务所	7
事后	6
事宜	7
事实	5
事态	7
事情	2
事故	5
事物	5
事迹	7
事项	6
二	1
二手	5
二氧化碳	6
二维码	5
于	6
于是	4
亏	5
亏待	7
亏损	6
亏本	7
云	4
互动	5
互助	6
互相	4
互联网	4
互补	7
五	1
五官	7
五湖四海	7
五花八门	7
五颜六色	5
井	6
井底之蛙	7
亚军	6
亚洲	4
些	1
亡羊补牢	7
交	4
交互	7
交付	7
交代	7
交叉	7
交响乐	7
交头接耳	7
交往	5
交情	7
交换	5
交接	7
交易	5
交替	7
交流	4
交涉	7
交界	7
交纳	7
交织	7
交警	4
交谈	6
交通	4
交锋	7
交际	6
交集	7
亦	7
产	5
产业	5
产业链	7
产值	7
产出	6
产品	5
产地	6
产权	7
产物	7
产生	4
产量	5
亩	7
享	7
享受	5
享有	7
享用	7
京剧	4
亭子	7
亮	4
亮丽	7
亮点	7
亮相	7
亲	5
亲人	5
亲切	5
亲和力	7
亲密	6
亲属	6
亲情	5
亲戚	4
亲手	7
亲朋好友	5
亲热	7
亲爱	5
亲生	7
亲眼	7
亲自	5
亲身	7
亲近	7
人	1
人为	6
人事	6
人体	5
人力	5
人口	5
人员	4
人品	7
人均	6
人士	6
人家	6
人山人海	6
人工	5
人工智能	6
人性	7
人情	7
人手	7
人才	5
人数	4
人文	7
人权	7
人格	7
人次	7
人民	5
人民币	5
人气	7
人物	5
人生	4
人类	5
人缘儿	7
人群	5
人行道	6
人质	7
人身	7
人选	7
人造	7
人道	7
人间	7
人际	5
亿	5
亿万	7
什么	1
仁慈	7
仅	4
仅仅	4
仇	7
仇人	7
仇恨	7
今后	4
今天	1
今年	1
今日	5
介于	7
介入	7
介意	7
介绍	2
仍	4
仍旧	6
仍然	4
从	2
从不	5
从业	6
从中	4
从事	5
从前	5
从头	7
从容	7
从容不迫	7
从小	2
从未	6
从来	4
从此	4
从而	5
仓促	7
仓库	6
仔细	4
他	1
他人	5
他们	1
付	4
付出	5
仙女	7
仙鹤	7
代	5
代价	6
代号	7
代替	5
代理	6
代理人	7
代表	5
代言	7
令	5
以	5
以上	3
以下	3
以为	3
以便	6
以免	6
以内	4
以前	3
以及	5
以后	3
以外	3
以往	6
以来	5
以至于	7
以致	7
以身作则	7
仪器	6
仪式	6
仪表	7
们	1
仰	6
仰望	7
仲裁	7
件	1
价位	7
价值	5
价值观	7
价格	4
价钱	4
任	7
任何	4
任务	4
任命	7
任性	7
任意	7
任期	7
任职	7
任重道远	7
份	4
份额	7
仿	7
仿佛	5
仿制	7
仿真	7
企业	5
企图	7
休假	3
休克	7
休养	7
休息	1
休想	7
休眠	7
休闲	5
众人	6
众多	5
众志成城	7
众所周知	6
优先	6
优势	5
优化	6
优异	6
优惠	5
优点	4
优秀	4
优美	5
优胜劣汰	7
优良	5
优质	5
优越	7
优雅	7
伙	5
伙伴	5
伙食	7
会	1
会员	4
会场	7
会意	7
会晤	7
会见	6
会计	6
会议	3
会诊	7
会谈	7
会面	7
伞	3
伟大	5
传	5
传人	7
传单	7
传奇	7
传媒	7
传承	6
传授	6
传播	5
传染	6
传染病	6
传真	6
传统	5
传言	7
传记	7
传说	5
传输	6
传达	6
传递	5
传闻	7
伤	5
伤亡	6
伤势	7
伤口	6
伤员	6
伤害	5
伤心	4
伤感	7
伤残	7
伤痕	7
伤脑筋	7
伦理	7
伪装	7
伪造	7
伯伯	7
伯母	7
伯父	7
估算	7
估计	4
伴	7
伴侣	7
伴奏	7
伴随	6
伸	5
伸张	7
伸手	7
伸缩	7
伺候	7
伺机	7
似乎	5
似是而非	7
似曾相识	7
似的	5
但	2
但愿	7
但是	2
位	2
位于	5
位子	7
位置	5
低	4
低下	7
低于	4
低价	4
低估	7
低头	5
低温	4
低碳	6
低落	7
低调	7
低谷	7
低迷	7
住	1
住址	5
住处	7
住宅	6
住宿	5
住户	7
住房	5
住院	3
体会	5
体制	7
体力	5
体态	7
体操	6
体检	4
体温	4
体现	5
体积	6
体系	6
体育	3
体育馆	3
体能	7
体裁	7
体谅	7
体质	7
体贴	7
体重	4
体面	7
体验	5
体魄	7
何	7
何况	7
何必	7
何止	7
何等	7
何苦	7
余	7
余地	7
余额	6
佛	7
作业	3
作为	4
作出	5
作品	4
作客	7
作家	4
作对	7
作废	7
作弊	7
作息	7
作战	7
作文	4
作料	7
作物	7
作用	4
作者	4
作风	7
你	1
你们	1
你好	1
佩戴	7
佩服	6
佳肴	7
佳节	7
使	4
使劲	6
使命	7
使唤	7
使得	5
使用	4
使者	7
使馆	4
侃侃而谈	7
侄子	6
例外	6
例如	4
例子	4
侍候	7
供	7
供不应求	7
供养	7
供奉	7
供应	6
供应链	7
供暖	7
供求	7
供给	6
供需	7
依	7
依依不舍	7
依托	7
依据	5
依旧	6
依次	7
依法	7
依然	5
依照	7
依赖	6
依附	7
依靠	5
侥幸	7
侦探	7
侦查	7
侧	6
侧重	7
侧面	7
侮辱	7
侵占	7
侵害	7
侵权	7
侵犯	7
侵略	7
便	5
便于	4
便利	5
便利店	5
便宜	1
便捷	6
便携式	7
便饭	7
促使	5
促成	7
促进	5
促销	5
俊	7
俊俏	7
俗	7
俗称	7
俗话	7
俗语	7
俘获	7
俘虏	7
保	5
保佑	7
保修	6
保健	6
保养	7
保卫	7
保姆	7
保存	5
保守	7
保安	5
保密	7
保护	4
保持	5
保暖	6
保留	5
保管	6
保证	4
保质期	5
保重	7
保险	5
保障	6
保鲜	7
信	3
信仰	7
信件	7
信任	5
信号	4
信封	5
信心	4
信念	6
信息	4
信用	5
信用卡	3
信誉	7
信贷	7
信赖	6
俩	4
修	4
修养	7
修复	6
修建	5
修改	5
修正	7
修理	4
修补	7
修订	6
修长	7
俯视	7
俯首	7
俱乐部	6
倍	4
倍增	6
倒	4
倒塌	7
倒数	7
倒是	6
倒计时	7
倒车	6
倒退	7
倒闭	6
倒霉	7
倔	7
倔强	7
倘若	7
候选人	7
倚	7
借	3
借助	6
借口	7
借条	7
借用	7
借鉴	6
倡导	7
倡议	7
债	7
债券	7
债务	7
值	4
值得	4
值班	6
值钱	7
倾倒	7
倾向	6
倾听	6
倾家荡产	7
倾斜	7
倾诉	7
倾销	7
假	4
假使	7
假冒	7
假如	5
假定	7
假日	4
假期	3
假装	7
假设	6
偏	7
偏偏	7
偏僻	7
偏向	7
偏差	7
偏旁	7
偏爱	7
偏离	7
偏见	7
偏远	7
做	1
做主	7
做客	3
做梦	4
做法	4
做证	7
做饭	1
停	4
停业	7
停放	7
停止	4
停泊	7
停滞	7
停留	5
停车	4
停车场	4
停顿	7
健全	6
健壮	7
健康	3
健美	7
健身	4
健身房	4
偶像	6
偶尔	4
偶然	5
偷	6
偷偷	6
偷懒	7
偷窥	7
偿还	7
傍晚	5
储备	7
储存	6
储蓄	6
储量	7
催	5
催促	7
催眠	7
傲	7
傲慢	7
傻	5
傻瓜	7
像	3
像样	7
僧人	7
僵	7
僵化	7
僵局	7
僵硬	7
僻静	7
儿女	5
儿子	1
儿科	6
儿童	4
允许	4
元	1
元宵	6
元旦	5
元素	6
元老	7
元首	7
兄弟	4
充	7
充值	5
充分	5
充实	6
充当	7
充斥	7
充沛	7
充满	5
充电	5
充裕	7
充足	5
兆头	7
先	3
先例	7
先前	6
先后	5
先天	7
先生	1
先进	5
先锋	7
光	4
光临	5
光彩	7
光明	5
光明磊落	7
光泽	7
光滑	7
光环	7
光盘	7
光线	5
光缆	7
光芒	7
光荣	7
光辉	7
光顾	7
克	4
克制	7
克服	5
克隆	7
免	6
免不了	7
免得	7
免疫	6
免税	6
免职	7
免费	4
免除	7
兑	7
兑换	7
兑现	7
兔子	5
党	7
兜	7
兜售	7
兢兢业业	7
入	4
入住	4
入侵	7
入口	4
入场	7
入场券	7
入境	6
入学	4
入手	7
入选	6
入门	6
全	4
全体	5
全力	5
全力以赴	7
全局	7
全心全意	7
全新	5
全方位	7
全球	4
全程	6
全能	7
全身	4
全身心	7
全部	4
全都	4
全面	5
八	1
八卦	7
八成	7
公	6
公主	6
公事	7
公交车	2
公仆	7
公众	6
公元	6
公共	4
公关	7
公办	7
公务	7
公务员	5
公司	1
公告	6
公园	3
公墓	7
公安	6
公寓	5
公布	5
公平	5
公开	6
公式	7
公斤	3
公款	7
公正	6
公民	6
公然	7
公用	7
公益	6
公示	7
公立	7
公约	7
公职	7
公认	6
公证	7
公费	7
公路	4
公道	7
公里	4
公顷	7
六	1
兰花	6
共	4
共享	5
共同	4
共同体	7
共和国	7
共性	7
共计	6
共识	7
共鸣	7
关	3
关于	3
关切	7
关头	7
关心	3
关怀	6
关机	3
关注	3
关照	7
关爱	6
关税	7
关系	3
关联	6
关节	7
关键	4
关闭	5
兴奋	4
兴奋剂	7
兴建	7
兴旺	7
兴盛	7
兴致	7
兴起	6
兴趣	3
兴隆	7
兴高采烈	7
兵	6
其	5
其中	4
其他	3
其余	5
其实	3
其次	4
其间	6
具体	5
具备	5
具有	5
典型	6
典礼	6
典范	7
兹	7
养	3
养成	4
养殖	7
养活	7
养生	7
养老	6
养老院	6
养育	7
兼	7
兼任	7
兼容	7
兼职	6
兼顾	7
内	4
内向	7
内在	7
内地	7
内外	6
内存	7
内容	4
内幕	7
内心	4
内涵	6
内科	6
内脏	7
内行	7
内衣	6
内部	5
内需	7
册	5
再	1
再三	6
再度	7
再接再厉	7
再次	4
再现	7
再生	6
再见	1
再说	4
冒	6
冒充	7
冒昧	7
冒犯	7
冒险	6
冗长	7
写	1
写作	5
写照	7
军事	7
军人	6
军官	7
军舰	7
军队	6
农业	5
农产品	6
农历	7
农场	7
农村	4
农民	5
农民工	7
农田	6
冠军	5
冤	7
冤枉	7
冬天	3
冰	3
冰天雪地	7
冰山一角	7
冰棍儿	7
冰激凌	3
冰箱	3
冰雹	7
冲	5
冲击	6
冲刺	7
冲动	6
冲撞	7
冲洗	7
冲浪	7
冲突	6
决定	3
决心	5
决策	6
决议	7
决赛	5
况且	7
冷	1
冷冻	7
冷却	7
冷战	7
冷气	7
冷淡	7
冷漠	7
冷落	7
冷酷	7
冷门	7
冷静	4
冻	5
冻结	7
净	6
净化	7
凄凉	7
准	4
准则	7
准备	2
准时	4
准确	4
准许	7
凉	4
凉快	3
凉爽	7
凋谢	7
凌晨	6
减	4
减免	7
减压	6
减少	4
减弱	6
减肥	5
减负	7
减轻	4
减退	7
凑	7
凑合	7
凑巧	7
凝固	7
凝结	7
凝聚	7
凝视	7
几	1
几乎	3
凡是	6
凤凰	7
凤毛麟角	7
凭	5
凭借	5
凭证	7
凯旋	7
凳子	7
凶	7
凶恶	7
凶手	7
凶残	7
凶狠	7
凶猛	7
凸	7
凸显	7
凹	7
出	2
出丑	7
出于	6
出人意料	7
出任	7
出众	7
出入	6
出具	7
出力	6
出动	7
出卖	7
出厂	7
出去	2
出发	3
出发点	7
出口	4
出口成章	7
出台	7
出名	6
出售	5
出国	2
出土	7
出场	6
出境	6
出头	7
出局	7
出差	4
出席	5
出征	7
出息	7
出手	7
出来	2
出游	6
出版	5
出现	4
出生	3
出示	6
出神	7
出租	4
出租车	1
出自	5
出色	5
出行	4
出访	7
出资	7
出走	7
出路	7
出身	7
出门	2
出院	3
出面	7
击败	6
函	7
凿	7
刀	4
刁难	7
分	1
分为	4
分享	5
分别	5
分割	7
分化	7
分发	7
分外	7
分寸	7
分工	6
分布	5
分开	3
分成	7
分手	5
分担	7
分支	7
分散	6
分数	4
分明	7
分期	6
分析	5
分歧	7
分泌	7
分离	5
分类	5
分红	7
分级	6
分裂	7
分解	7
分辨	7
分配	5
分量	7
分钟	1
切	5
切割	7
切实	6
切忌	7
切换	7
切磋	7
切记	7
切身	7
切除	7
刊物	7
刊登	7
刑事	7
刑法	7
划	5
划不来	7
划分	6
划得来	7
划时代	7
划算	7
列	4
列举	7
列车	5
则	6
刚	3
刚刚	3
刚好	5
刚才	3
创	7
创业	5
创伤	7
创作	5
创办	6
创始人	7
创建	6
创意	6
创新	5
创立	6
创造	5
初	5
初中	3
初期	5
初步	6
初等	6
初级	5
初衷	7
删	5
删除	5
判	7
判决	7
判处	7
判定	7
判断	4
刨	7
利害	7
利弊	7
利息	6
利润	5
利率	7
利用	5
利益	5
利索	7
别	2
别人	3
别具匠心	7
别墅	7
别扭	7
别的	3
别看	7
别致	7
别说	7
刮	3
刮目相看	7
到	1
到位	7
到处	3
到头来	7
到底	4
到期	5
到来	4
到达	5
制	6
制作	5
制品	6
制定	5
制度	5
制服	7
制止	7
制约	7
制裁	7
制订	5
制造	5
刷	3
刷新	7
券	6
刹车	6
刹那	7
刺	6
刺激	5
刺眼	7
刺绣	7
刺耳	7
刺骨	7
刻	3
刻不容缓	7
刻意	7
刻画	7
刻舟求剑	7
刻苦	7
剂	7
剂量	7
剃	7
削	7
削减	7
削弱	7
前	1
前任	7
前台	7
前后	4
前夕	7
前天	3
前年	3
前往	5
前所未有	7
前提	6
前方	4
前无古人	7
前景	6
前期	6
前来	5
前沿	7
前程	7
前线	7
前者	6
前赴后继	7
前辈	7
前进	5
前途	5
前面	2
剑	6
剔除	7
剥	7
剥削	7
剥夺	7
剧变	7
剧场	5
剧情	7
剧本	6
剧烈	6
剧目	7
剧院	4
剩	4
剩余	6
剪	5
剪刀	5
剪彩	7
剪辑	7
副	5
副作用	7
副本	7
割	6
劈	7
力	5
力不从心	7
力争	7
力度	6
力所能及	7
力气	4
力求	7
力量	5
劝	5
劝告	7
劝说	7
劝阻	7
办	3
办事	4
办事处	7
办公	4
办公室	3
办学	7
办法	3
办理	4
功	7
功利	7
功力	7
功劳	7
功夫	4
功底	7
功效	6
功率	7
功能	5
功臣	7
功课	4
加	3
加上	4
加之	7
加以	6
加倍	6
加入	4
加剧	6
加工	5
加强	4
加快	4
加油	4
加油站	4
加深	5
加热	5
加班	4
加盟	7
加紧	7
加速	5
加重	6
务实	7
务工	7
务必	7
劣势	7
劣质	7
动	2
动不动	7
动人	5
动作	4
动力	6
动向	7
动听	6
动员	7
动工	7
动弹	7
动态	6
动感	7
动手	5
动摇	7
动机	6
动漫	6
动物	3
动物园	3
动用	7
动画	5
动脉	7
动荡	7
动身	7
动车	4
动静	7
助力	7
助威	7
助手	6
助理	6
努力	3
劫	7
劫持	7
励志	7
劲	7
劲头	7
劳务	7
劳动	5
劳动力	6
劳累	7
劳驾	7
势不可当	7
势力	6
势头	7
势必	7
勇于	6
勇往直前	7
勇敢	4
勇气	5
勉励	7
勉强	6
勋章	7
勒	7
勘探	7
募捐	7
勤俭	7
勤劳	6
勤奋	5
勤工俭学	7
勤快	7
勺子	3
勾	7
勾勒	7
勾结	7
勿	7
包	2
包含	5
包围	7
包子	1
包容	7
包庇	7
包扎	7
包括	5
包罗万象	7
包袱	7
包装	5
包裹	5
匆匆	6
匆忙	6
化	5
化妆	6
化学	5
化石	6
化肥	7
化解	7
化身	7
化险为夷	7
化验	7
北	3
北方	3
北极	6
北美洲	6
北部	4
匹	5
匹配	7
区	4
区分	6
区别	4
区区	7
区域	5
区间	7
医务	7
医学	5
医生	1
医疗	5
医药	6
医院	1
匿名	7
十	1
十分	4
十字路口	4
十足	6
千	1
千万	4
千克	4
千军万马	7
千变万化	7
千姿百态	7
千家万户	6
千方百计	7
千钧一发	7
升	5
升值	7
升华	7
升学	6
升温	5
升级	5
午餐	4
午饭	1
半	1
半信半疑	7
半夜	5
半天	3
半导体	7
半岛	7
半径	7
半数	7
半边天	7
半途而废	7
华丽	7
华人	7
华侨	7
华裔	7
协会	6
协作	7
协助	6
协同	7
协商	7
协定	7
协议	5
协调	6
卑微	7
卑鄙	7
卓越	7
单	5
单一	5
单价	7
单位	4
单元	5
单方面	7
单独	5
单纯	6
单薄	7
单调	6
单身	7
单边	7
卖	1
南	3
南方	3
南极洲	6
南瓜	7
南美洲	6
南辕北辙	7
南部	4
博士	4
博大精深	7
博学	7
博弈	7
博物馆	5
博览会	6
占	5
占卜	7
占据	6
占有	6
占比	6
占用	7
占线	5
占领	7
卡	3
卡片	6
卡车	7
卡通	7
卤味	7
卧	7
卧室	5
卧铺	7
卫星	7
卫生	4
卫生间	3
卫视	7
印	6
印刷	5
印章	7
印证	7
印象	4
危及	7
危害	5
危急	7
危机	6
危险	4
即	7
即使	4
即便	6
即可	7
即将	5
即日	7
即时	7
却	4
卵	7
卷	6
卷入	7
卸	7
卸任	7
卸载	7
厂	4
厂商	6
厂家	6
厄运	7
历代	7
历史	3
历届	7
历年	6
历时	7
历来	7
历程	7
历经	6
厉害	4
压	4
压倒	7
压制	7
压力	4
压岁钱	5
压抑	7
压榨	7
压缩	6
压轴	7
压迫	7
厌倦	7
厌恶	7
厌烦	7
厕所	4
厘米	5
厚	4
厚度	5
厚道	7
原	5
原先	6
原则	5
原创	7
原告	7
原因	4
原型	7
原始	6
原料	6
原有	5
原本	6
原材料	6
原来	4
原汁原味	7
原理	6
原装	7
原谅	4
厨师	4
厨房	4
去	1
去世	5
去向	7
去处	7
去年	1
去除	7
县	5
参与	5
参加	3
参展	6
参照	7
参考	5
参见	7
参观	4
参谋	7
参赛	4
又	3
叉	6
叉子	5
及	5
及早	7
及时	4
及格	5
友人	7
友善	7
友好	4
友情	4
友谊	4
双	3
双向	7
双方	5
双胞胎	7
双赢	7
双边	7
双重	7
反	5
反之	7
反倒	7
反击	7
反响	7
反复	5
反对	4
反射	7
反差	7
反常	7
反应	5
反弹	7
反思	6
反感	7
反抗	7
反映	5
反正	5
反省	7
反而	5
反问	7
反面	7
反馈	6
反驳	7
发	3
发作	7
发光	6
发出	4
发动	6
发呆	7
发型	7
发射	7
发展	3
发布	5
发怒	7
发愁	6
发愣	7
发扬	7
发扬光大	7
发抖	7
发挥	5
发掘	7
发放	6
发明	5
发泄	7
发源	7
发源地	7
发火	7
发炎	6
发烧	3
发热	7
发现	3
发生	3
发电	6
发病	6
发票	6
发育	6
发芽	7
发行	6
发表	5
发觉	7
发言	5
发言人	7
发誓	7
发财	7
发起	5
发达	5
发送	4
发酵	7
发音	5
叔叔	3
取	4
取代	6
取决	7
取得	4
取暖	7
取材	7
取消	4
取笑	7
取经	7
取缔	7
取而代之	7
取胜	7
受	3
受不了	4
受伤	4
受到	3
受宠若惊	7
受害	7
受害人	7
受惊	7
受挫	7
受灾	6
受理	7
受益	7
受益匪浅	7
受罪	7
受苦	7
受贿	7
受骗	7
变	3
变动	5
变化	3
变幻莫测	7
变异	7
变形	7
变成	3
变换	7
变故	7
变更	7
变质	6
变迁	7
变通	7
变革	7
叙述	6
叛逆	7
叠	7
口	1
口令	7
口号	6
口吃	7
口味	5
口哨儿	7
口头	6
口头禅	7
口子	7
口岸	7
口径	7
口感	6
口才	7
口气	7
口水	7
口碑	7
口罩	7
口腔	6
口袋	5
口语	4
口音	7
口香糖	7
古	5
古人	6
古今中外	7
古代	5
古典	6
古怪	7
古朴	7
古籍	7
古老	5
古董	7
古迹	6
句	3
句子	3
另	4
另外	4
只	1
只好	4
只得	6
只是	3
只有	3
只管	7
只能	3
只要	3
只顾	6
叫	1
叫作	4
叫好	7
叫板	7
召开	5
召集	7
叮嘱	7
可	3
可不是	7
可乘之机	7
可以	1
可口	6
可怕	5
可怜	6
可恶	7
可悲	7
可惜	4
可想而知	7
可是	3
可爱	3
可疑	7
可笑	7
可耻	7
可能	2
可行	6
可见	5
可观	7
可谓	7
可贵	7
可靠	5
台	4
台灯	5
台球	6
台阶	5
台风	6
史无前例	7
右	2
右边	2
叶子	4
号	1
号召	6
号码	3
号称	7
司令	7
司机	3
司法	7
司空见惯	7
叹气	7
叼	7
吃	1
吃亏	7
吃力	7
吃喝玩乐	7
吃惊	4
吃苦	7
各	4
各个	4
各位	4
各地	4
各抒己见	7
各种	4
各自	5
各行各业	5
合	5
合乎	7
合伙	7
合作	5
合同	5
合唱	7
合并	6
合影	5
合成	6
合格	4
合法	5
合理	5
合约	7
合计	7
合资	7
合适	3
吉他	7
吉利	7
吉祥	6
吉祥物	7
吊	6
吊销	7
同	5
同一	5
同事	3
同仁	7
同伙	7
同伴	6
同学	1
同志	7
同情	5
同意	3
同感	7
同时	4
同期	7
同样	4
同步	7
同比	7
同盟	7
同等	7
同类	6
同胞	7
同舟共济	7
同行	6
名	2
名义	7
名人	3
名利	7
名副其实	7
名单	3
名声	7
名字	1
名次	7
名气	6
名片	5
名牌	5
名称	5
名胜	6
名著	7
名言	7
名誉	7
名贵	7
名额	6
后	1
后世	7
后人	6
后代	6
后勤	7
后台	7
后备	7
后备箱	7
后天	3
后年	3
后悔	4
后期	6
后来	3
后果	5
后盾	7
后续	7
后者	6
后裔	7
后退	6
后遗症	7
后面	2
后顾之忧	7
吐	6
吐槽	7
向	3
向上	5
向导	7
向往	6
向来	7
吓	6
吓人	7
吓唬	7
吗	1
君子	7
吝啬	7
吞	6
吞吞吐吐	7
否决	7
否则	4
否定	5
否认	5
吧	1
吨	5
吩咐	7
含	5
含义	6
含有	5
含糊	7
含蓄	7
含量	5
听	1
听从	7
听众	4
听力	4
听取	6
听见	1
听觉	6
听话	6
听说	3
启事	6
启动	6
启发	6
启用	7
启示	6
启程	7
启蒙	7
启迪	7
吵	5
吵架	6
吸	4
吸取	6
吸引	4
吸收	5
吸毒	7
吸管	5
吸纳	7
吹	4
吹捧	7
吹牛	7
吻	7
吻合	7
吼	7
呀	5
呆	6
呈	7
呈现	6
告	7
告别	5
告状	7
告知	7
告示	7
告诉	2
告诫	7
告辞	7
呐喊	7
呕吐	7
员	3
员工	5
呛	7
呜咽	7
呢	1
周	2
周到	6
周围	4
周密	7
周岁	7
周年	5
周折	7
周旋	7
周期	6
周末	3
周转	7
周边	6
味	4
味精	7
味觉	6
味道	4
呵	7
呵护	7
呻吟	7
呼	7
呼吁	7
呼吸	5
呼唤	7
呼啸	7
呼声	7
呼应	7
呼救	7
命	5
命令	6
命名	6
命运	5
咀嚼	7
和	1
和好	7
和尚	7
和平	6
和平共处	7
和气	7
和睦	7
和蔼	7
和解	7
和谐	6
咖啡	2
咧嘴	7
咨询	5
咬	5
咱们	3
咳	4
咳嗽	4
咸	4
咽	7
咽喉	7
哀求	7
品	5
品位	7
品味	7
品尝	6
品德	7
品牌	5
品种	5
品行	7
品质	5
哄	7
哄堂大笑	7
哆嗦	7
哇	6
哈	5
响	4
响亮	7
响声	5
响应	7
哎	5
哎呀	5
哑	7
哗然	7
哥哥	1
哦	5
哨	7
哪	1
哪个	1
哪些	1
哪儿	1
哪怕	5
哪里	1
哭	3
哭泣	7
哭笑不得	7
哲学	5
哲理	7
哺乳	7
哺育	7
哼	7
哽咽	7
唉	5
唠叨	7
唤起	7
唤醒	7
售价	5
售票员	4
唯	7
唯一	5
唯有	7
唯独	7
唱	1
唱片	7
唾弃	7
唾液	7
啃	7
商业	5
商人	5
商务	5
商品	4
商场	2
商家	5
商店	1
商机	7
商标	6
商用	7
商讨	7
商议	7
商贩	7
商贾	7
商量	4
啊	2
啤酒	3
啦	6
啦啦队	7
啰唆	7
喂	1
喂养	7
善	7
善于	5
善意	7
善良	5
喇叭	7
喉咙	7
喊	4
喘	7
喘息	7
喜事	6
喜出望外	7
喜剧	6
喜好	7
喜庆	7
喜怒哀乐	7
喜悦	7
喜欢	1
喜洋洋	7
喜爱	3
喜糖	7
喜酒	7
喜闻乐见	7
喝	1
喝彩	7
喧哗	7
喧闹	7
喷	6
喷泉	7
嗅	7
嗅觉	7
嗓子	6
嗓音	7
嗜好	7
嗯	4
嘀咕	7
嘈杂	7
嘉宾	5
嘉年华	7
嘛	6
嘱咐	7
嘱托	7
嘲弄	7
嘲笑	6
嘴	3
嘴唇	7
嘴巴	5
嘿	6
器具	7
器官	7
器材	7
器械	7
器重	7
噩耗	7
噪声	6
嚣张	7
嚷	7
嚼	7
囚犯	7
四	1
四周	5
四处	5
四季	3
四方	7
四肢	7
四通八达	7
四面八方	7
回	1
回信	4
回升	7
回去	2
回合	7
回味	7
回复	4
回头	6
回应	7
回归	7
回忆	4
回忆录	7
回想	7
回报	6
回收	5
回来	2
回答	3
回落	7
回避	7
回顾	6
回馈	7
回首	7
因	6
因为	2
因人而异	7
因地制宜	7
因此	4
因素	5
因而	5
团	5
团伙	7
团体	6
团员	7
团圆	6
团结	6
团聚	7
团队	5
园	3
园区	7
园林	6
困	4
困境	7
困惑	7
困扰	6
困难	4
围	5
围墙	7
围巾	5
围棋	6
围绕	5
围观	7
固体	6
固化	7
固定	5
固执	7
固有	7
固然	7
国	1
国产	6
国务院	7
国土	7
国学	7
国宝	6
国家	3
国庆	5
国徽	7
国情	6
国旗	6
国有	7
国歌	6
国民	7
国王	6
国画	5
国籍	4
国防	7
国际	4
图	4
图书	5
图书馆	3
图像	6
图形	7
图案	6
图片	4
图画	5
图纸	7
图表	6
圆	5
圆满	6
圈	6
圈套	7
圈子	7
土	4
土地	5
土壤	6
土生土长	7
土豆	5
圣贤	7
在	1
在乎	5
在于	5
在内	5
在场	5
在意	6
在所难免	7
在线	5
在职	7
地	2
地下	5
地下水	7
地位	5
地势	7
地区	5
地图	3
地址	4
地域	6
地带	7
地形	6
地方	3
地板	7
地步	7
地段	7
地毯	7
地点	3
地狱	7
地球	4
地理	5
地质	6
地道	6
地铁	2
地震	5
地面	5
场	4
场合	6
场地	6
场所	5
场景	6
场次	6
场面	6
场馆	6
均	7
均匀	6
均衡	7
坎坷	7
坏	2
坏处	4
坐	1
坐落	7
坑	7
块	1
坚信	7
坚决	6
坚固	6
坚守	7
坚定	6
坚实	7
坚强	5
坚持	3
坚果	7
坚硬	6
坚韧	7
坛	7
坝	7
坟	7
坟墓	7
坠	7
坠落	7
坡	6
坦克	7
坦然	7
坦率	7
坦白	7
坦言	7
坦诚	7
垂	7
垂头丧气	7
垂直	6
垃圾	4
垄断	7
型号	6
垫	7
垫子	7
垫底	7
垮	7
埋	6
埋伏	7
埋头苦干	7
埋怨	7
埋没	7
埋葬	7
埋藏	7
城	4
城区	5
城墙	7
城市	3
城镇	6
培养	5
培育	6
培训	5
基于	7
基准	7
基因	6
基地	6
基层	7
基建	7
基本	4
基本上	4
基本功	7
基础	4
基金	6
基金会	7
堂	7
堆	5
堆砌	7
堆积	7
堕落	7
堡垒	7
堤	7
堤坝	7
堪称	7
堵	5
堵塞	7
堵车	4
塌	7
塑料	4
塑造	6
塔	6
塞	6
填	5
填充	7
填写	4
填补	7
境内	7
境地	7
境外	7
境界	7
境遇	7
墓	7
墓地	7
墓碑	7
墙	5
墙壁	6
增	5
增产	7
增值	7
增加	4
增强	5
增收	7
增添	7
增进	5
增速	7
增长	4
墨	7
墨水	7
壁垒	7
壁画	7
士兵	6
士气	7
壮	7
壮丽	7
壮大	7
壮烈	7
壮观	7
声	3
声势	7
声明	7
声望	7
声称	7
声誉	7
声调	6
声音	3
壳	7
壶	6
处	5
处事	7
处于	5
处分	7
处境	7
处处	6
处方	7
处理	5
处罚	6
处置	7
备	7
备份	7
备忘录	7
备战	7
备用	6
备课	7
复习	3
复兴	7
复制	5
复印	4
复原	7
复发	7
复合	7
复杂	4
复查	7
复活	7
复苏	7
夏令营	6
夏天	3
夕阳	7
外	1
外交	6
外公	5
外出	4
外卖	3
外号	7
外向	7
外国	2
外在	7
外地	3
外套	4
外婆	5
外币	7
外形	5
外援	7
外星人	7
外来	6
外汇	7
外甥	6
外界	6
外科	6
外籍	7
外行	7
外表	6
外观	5
外语	3
外貌	7
外贸	7
外资	7
外边	1
外部	5
外面	2
多	1
多么	4
多亏	6
多余	6
多元	6
多半	7
多媒体	6
多少	1
多年来	7
多心	7
多才多艺	6
多数	4
多样	4
多边	7
夜	4
夜以继日	7
夜宵	7
夜市	5
夜晚	4
夜校	7
夜班	7
夜间	5
够	4
够呛	7
大	1
大不了	7
大为	7
大事	5
大于	5
大人	3
大众	5
大伙儿	6
大会	5
大体	7
大使	6
大公无私	7
大力	5
大厅	4
大厦	5
大吃一惊	6
大同小异	7
大名鼎鼎	7
大地	6
大型	5
大多	5
大大	4
大大咧咧	7
大夫	4
大妈	5
大学	1
大学生	1
大宗	7
大家	1
大小	3
大局	7
大巴	4
大师	6
大幅	6
大惊小怪	7
大意	7
大批	5
大数据	7
大方	6
大有可为	7
大概	3
大气	7
大洋洲	6
大熊猫	3
大爷	5
大片	7
大米	5
大约	4
大纲	7
大肆	7
大胆	5
大脑	5
大臣	6
大自然	4
大致	6
大街小巷	7
大衣	3
大象	5
大赛	4
大都	6
大量	4
大陆	7
大雁	7
天	1
天上	5
天下	6
天伦之乐	7
天使	7
天分	7
天地	7
天堂	7
天平	7
天性	7
天才	6
天敌	7
天文	6
天桥	7
天气	1
天然	6
天然气	6
天生	7
天真	6
天空	5
天线	7
天经地义	7
天花板	7
天赋	7
天长地久	7
天鹅	7
太	1
太太	5
太平	7
太极	7
太空	6
太阳	3
太阳能	6
夫人	6
夫妇	5
夫妻	3
夯实	7
失业	5
失事	7
失传	7
失利	7
失去	4
失态	7
失恋	5
失控	7
失效	7
失明	7
失望	4
失灵	7
失眠	5
失礼	7
失落	7
失误	5
失败	4
失踪	7
头	2
头发	3
头号	7
头头是道	7
头条	7
头痛	4
头脑	6
头衔	7
夸	6
夸大	7
夸夸其谈	7
夸奖	6
夸张	6
夸耀	7
夹	6
夹子	7
夹杂	7
夺	6
夺冠	7
夺取	6
夺魁	7
奇妙	7
奇怪	3
奇特	7
奇观	7
奇迹	5
奉献	6
奋力	7
奋勇	7
奋斗	5
奏效	7
契机	7
契约	7
奔	7
奔波	7
奔赴	7
奔跑	6
奔驰	7
奖	4
奖励	5
奖品	6
奖学金	4
奖杯	7
奖牌	6
奖赏	7
奖金	4
奖项	7
套	5
套餐	6
奚落	7
奠定	7
奢侈	7
奢望	7
奥秘	7
女	1
女人	3
女儿	1
女士	1
女婿	7
女子	5
女孩儿	2
女性	4
女方	7
女朋友	1
女生	3
奴隶	7
奶奶	2
奶粉	6
奶茶	2
奶酪	7
奸诈	7
她	1
她们	1
好	1
好不	6
好久	3
好似	7
好像	3
好受	7
好吃	1
好听	1
好在	7
好处	4
好多	3
好奇	5
好好	4
好学	6
好客	6
好容易	6
好心	7
好意	7
好感	6
好歹	7
好比	7
好玩儿	1
好看	1
好笑	4
好胜	7
好评	5
好说	7
好转	5
好运	5
如	5
如一	7
如下	5
如今	5
如何	5
如同	5
如实	7
如意	7
如愿以偿	7
如期	7
如果	3
如此	5
如痴如醉	7
妄想	7
妇女	5
妈妈	1
妖怪	7
妙	6
妥	7
妥协	7
妥善	7
妥当	7
妨碍	6
妹妹	1
妻子	2
始终	5
姐妹	3
姐姐	1
姑且	7
姑姑	6
姑娘	4
姓	2
姓名	2
姓氏	7
委员	7
委员会	7
委婉	7
委屈	6
委托	6
姜	7
姥姥	5
姥爷	5
姨	6
姿势	5
姿态	7
威信	7
威力	7
威慑	7
威望	7
威胁	5
威风	7
娃娃	6
娇惯	7
娇气	7
娘	7
娱乐	5
娶	6
婚姻	6
婚礼	5
婚纱	7
婴儿	6
媒介	7
媒体	5
媲美	7
媳妇	6
嫁	6
嫁妆	7
嫂子	7
嫉妒	7
嫌	6
嫌弃	7
嫌疑	7
嫩	7
嬉笑	7
子	3
子女	5
子孙	7
子弟	7
子弹	7
孔	7
孕妇	7
孕育	7
字	1
字体	7
字典	3
字幕	6
字母	5
字眼	7
字迹	7
存	4
存储	6
存在	5
存心	7
存折	7
存放	5
存款	5
存活	7
存货	7
孙女	4
孙子	4
孝敬	7
孝顺	7
季	3
季军	6
季度	5
季节	3
孤儿	7
孤单	7
孤独	6
孤立	7
孤陋寡闻	7
孤零零	7
学	1
学业	7
学习	1
学会	6
学位	6
学分	5
学历	5
学员	6
学士	7
学子	7
学年	5
学期	3
学术	5
学校	1
学生	1
学科	5
学者	5
学识	7
学说	7
学费	4
学问	6
学院	4
孩子	1
孪生	7
孵化	7
宁可	7
宁愿	7
宁静	7
它	1
它们	1
宇宙	7
守	5
守信	7
守候	7
守护	7
守株待兔	7
安	5
安全	3
安全带	5
安宁	7
安定	7
安心	7
安慰	5
安抚	7
安排	4
安检	4
安眠药	7
安稳	7
安置	7
安装	5
安详	7
安逸	7
安静	3
完	2
完全	4
完善	5
完备	7
完好	7
完成	3
完整	5
完毕	7
完美	5
宏伟	7
宏大	6
宏观	7
宗	7
宗教	7
宗旨	7
官	6
官僚	7
官兵	7
官司	7
官吏	7
官员	6
官方	6
定	4
定义	6
定价	6
定位	6
定做	7
定制	6
定向	7
定居	7
定律	7
定心丸	7
定时	6
定期	5
定论	7
定金	7
宜人	7
宜居	7
宝	5
宝库	7
宝石	7
宝藏	7
宝贝	5
宝贵	5
实习	5
实事求是	7
实体	7
实况	7
实力	5
实在	4
实地	7
实惠	6
实施	5
实时	6
实物	7
实现	5
实用	5
实行	5
实话	6
实话实说	7
实质	6
实践	5
实际	4
实际上	4
实验	5
实验室	5
宠	7
宠爱	7
宠物	5
审	7
审判	7
审定	7
审批	7
审查	7
审核	7
审理	7
审美	6
审视	7
审计	7
客人	3
客厅	4
客户	5
客房	7
客服	5
客机	7
客气	4
客流	7
客观	5
客车	6
客运	7
宣传	5
宣告	7
宣布	5
宣扬	7
宣泄	7
宣称	7
宣言	7
宣誓	7
宣读	7
室	3
宪法	7
宫	6
宫廷	7
宫殿	7
宰	7
害	6
害怕	3
害羞	4
害虫	7
宴会	6
家	1
家世	7
家乡	4
家人	1
家伙	7
家具	4
家务	5
家喻户晓	7
家园	6
家境	7
家家户户	6
家居	6
家属	6
家常	6
家庭	4
家政	7
家教	7
家族	7
家用	7
家电	5
家禽	7
家长	4
容光焕发	7
容器	7
容忍	7
容易	3
容纳	7
容许	7
容貌	7
容量	6
容颜	7
宽	5
宽厚	7
宽容	7
宽广	7
宽度	5
宽恕	7
宽敞	7
宽松	7
宽泛	7
宽阔	7
宾馆	3
宿舍	5
寂寞	6
寂静	7
寄	4
寄托	7
密	6
密切	5
密封	7
密布	7
密度	6
密码	4
密集	6
富	5
富含	7
富强	7
富有	5
富翁	7
富裕	6
富豪	7
富足	7
寒假	4
寒冬	6
寒冷	4
寒带	7
寒暄	7
寓意	7
寓言	7
寝室	7
察看	7
察觉	7
寡妇	7
寥寥无几	7
寸	6
对	1
对不起	1
对于	4
对付	7
对岸	7
对峙	7
对应	6
对弈	7
对待	5
对得起	7
对手	5
对抗	6
对接	6
对方	4
对比	5
对流	7
对照	7
对牛弹琴	7
对症下药	7
对白	7
对称	6
对立	6
对策	7
对联	7
对话	3
对象	5
对面	4
寺	7
寺庙	7
寻	7
寻常	7
寻找	5
寻求	6
寻觅	7
导向	7
导师	6
导弹	7
导游	4
导演	5
导火索	7
导致	5
导航	7
寿命	6
封	3
封建	7
封锁	7
封闭	6
封面	7
封顶	7
射	6
射击	6
将	4
将军	6
将就	7
将来	4
将要	4
将近	5
尊严	7
尊敬	5
尊贵	7
尊重	4
小	1
小丑	7
小于	5
小人	7
小伙子	4
小偷儿	6
小区	3
小吃	4
小品	7
小型	5
小姐	5
小学	1
小学生	1
小孩儿	2
小康	7
小心	3
小心翼翼	7
小提琴	7
小时	1
小时候	2
小朋友	1
小气	6
小看	7
小组	4
小菜一碟	7
小说	4
小费	7
小麦	6
少	1
少不了	7
少儿	6
少女	7
少年	4
少数	4
少见	4
少量	4
尖	6
尖端	7
尖锐	7
尚	7
尚且	7
尚未	7
尝	3
尝试	5
尤为	7
尤其	4
就	2
就业	5
就任	7
就医	7
就地	7
就座	7
就是	4
就此	7
就算	6
就绪	7
就职	7
就诊	7
就读	6
就近	7
就餐	7
尴尬	6
尸体	7
尺	6
尺子	5
尺寸	6
尺度	7
尽	6
尽力	5
尽头	7
尽快	5
尽情	7
尽早	7
尽管	4
尽量	5
尾声	7
尾巴	5
尾气	7
尿	7
局	6
局势	7
局部	7
局限	6
局面	6
屁股	7
层	3
层出不穷	7
层次	6
层面	6
居于	7
居住	5
居安思危	7
居民	5
居然	5
居高不下	7
屈服	7
届	5
届时	7
屋子	3
屋檐	7
屎	7
屏幕	5
屏蔽	7
屏障	7
展出	5
展开	5
展望	7
展现	5
展示	5
展览	5
属	6
属于	5
属性	7
属相	7
屠杀	7
屡	7
屡屡	7
屡次	7
履行	6
山	3
山区	5
山坡	6
山寨	7
山岭	7
山峰	6
山川	7
山脉	7
山谷	7
山顶	6
屹立	7
岁	1
岁数	6
岁月	6
岂有此理	7
岔	7
岗位	6
岛	6
岛屿	7
岩石	7
岳母	7
岳父	7
岸	6
峡谷	7
峰会	7
峰回路转	7
崇尚	7
崇拜	6
崇敬	7
崇高	7
崎岖	7
崛起	7
崩溃	7
崭新	6
巅峰	7
川流不息	7
州	6
巡回	7
巡视	7
巡逻	7
巢穴	7
工业	5
工人	4
工会	7
工作	1
工作日	3
工具	5
工匠	7
工厂	4
工地	6
工夫	6
工序	6
工整	7
工科	7
工程	5
工程师	5
工艺	5
工资	4
左	2
左右	4
左边	2
左顾右盼	7
巧	4
巧克力	4
巧合	7
巧妙	6
巨人	7
巨大	5
巨头	7
巨额	7
巩固	6
差	3
差不多	3
差别	5
差异	6
差点儿	4
差距	5
差错	7
差额	7
已	4
已经	2
巴不得	7
巴掌	7
巴结	7
巷	7
市	3
市值	7
市区	4
市场	4
市场经济	7
市民	5
布	6
布局	7
布置	6
帅	4
帆	7
帆船	7
师傅	4
师父	6
师生	4
师范	7
师资	7
师长	7
希望	2
帐篷	7
帖子	7
帘子	7
帝国	7
带	3
带动	5
带头	7
带路	7
带队	7
带领	6
席	7
席位	7
帮	2
帮助	3
帮忙	2
帮手	7
常	3
常人	7
常常	3
常年	6
常态	7
常温	6
常理	7
常用	3
常见	3
常规	6
常识	5
帽子	4
幅	4
幅度	6
幕	7
幕后	7
幢	7
干	3
干事	7
干净	3
干劲	7
干戈	7
干扰	6
干旱	6
干杯	4
干枯	7
干活儿	4
干涉	7
干燥	6
干脆	6
干部	7
干预	7
平	5
平价	7
平凡	6
平原	7
平台	5
平和	7
平均	5
平坦	7
平安	5
平常	4
平庸	7
平息	7
平房	7
平方	6
平方米	6
平日	7
平时	3
平淡	7
平稳	7
平等	6
平行	7
平衡	5
平静	5
平面	7
年	1
年代	5
年初	5
年均	7
年夜饭	5
年底	4
年度	6
年报	7
年画	7
年级	3
年纪	5
年终	6
年薪	7
年轮	7
年轻	3
年迈	7
年限	7
年龄	4
并	4
并且	4
并列	7
并发症	7
并肩	7
并行	7
并购	7
并非	7
幸亏	7
幸免	7
幸好	7
幸存	7
幸福	4
幸运	5
幻影	7
幻想	6
幻觉	7
幼儿园	5
幼稚	7
幽默	4
广	5
广义	7
广告	4
广场	5
广大	5
广播	4
广泛	5
广阔	6
庄严	7
庄园	7
庄稼	6
庄重	7
庆典	7
庆幸	7
庆祝	4
庆贺	7
床	2
床位	7
床单	5
序	7
序列	7
序幕	7
序言	7
库	5
库存	7
应	7
应付	7
应对	5
应当	5
应急	7
应有尽有	7
应用	5
应聘	4
应该	3
应邀	7
应酬	7
底	4
底下	4
底子	7
底层	7
底线	7
底蕴	7
店	1
店铺	6
庙	7
庙会	7
庞大	6
废	7
废品	7
废墟	7
废寝忘食	7
废弃	7
废物	7
废话	7
废除	7
度	5
度假	4
座	4
座位	4
座右铭	7
座谈	7
康复	6
庸俗	7
廉价	7
廉正	7
廉洁	7
延	7
延伸	6
延期	6
延续	6
延缓	7
延误	7
延长	5
建	5
建树	7
建立	5
建筑	5
建筑物	6
建议	4
建设	5
建造	5
开	1
开业	5
开会	3
开关	6
开创	6
开办	7
开动	7
开发	5
开发区	7
开发商	7
开启	6
开场	7
开场白	7
开垦	7
开天辟地	7
开头	6
开始	2
开学	2
开展	5
开工	7
开幕	5
开幕式	5
开庭	7
开张	7
开心	3
开拓	7
开支	7
开放	5
开明	7
开朗	7
开机	3
开水	5
开玩笑	4
开花	3
开设	6
开车	1
开辟	7
开通	5
开采	7
开销	7
开阔	7
开除	7
异口同声	7
异常	6
异性	7
异想天开	7
异议	7
弃权	7
弄	4
弄虚作假	7
弊病	7
弊端	7
式	5
弓	7
引	6
引人入胜	7
引人注目	7
引入	6
引发	6
引导	6
引擎	7
引用	7
引经据典	7
引荐	7
引诱	7
引起	4
引进	5
引领	7
弘扬	7
弟子	7
弟弟	1
张	3
张扬	7
张灯结彩	7
张贴	7
弥漫	7
弥补	6
弦	7
弯	5
弯曲	6
弱	5
弱势	7
弱点	6
弱项	7
弹	4
弹性	6
强	4
强制	7
强加	7
强劲	7
强势	7
强化	6
强占	7
强壮	6
强大	5
强度	5
强烈	5
强盗	7
强硬	7
强行	7
强调	5
强迫	6
强项	7
归	6
归于	7
归宿	7
归属	7
归来	7
归根到底	7
归纳	7
归结	7
归还	6
当	4
当下	6
当中	5
当之无愧	7
当事人	7
当今	6
当代	6
当众	7
当作	5
当初	6
当前	5
当务之急	7
当即	7
当地	5
当场	6
当天	6
当年	5
当心	7
当成	5
当日	7
当时	4
当晚	7
当机立断	7
当然	3
当真	7
当选	6
当面	6
录	5
录像	6
录制	6
录取	5
录用	6
录音	5
形势	5
形容	5
形式	5
形形色色	7
形影不离	7
形态	6
形成	5
形状	5
形象	5
彩票	6
彩色	5
彩虹	6
彬彬有礼	7
影像	7
影响	3
影子	6
影片	5
影视	5
彻夜	7
彻底	5
彼此	5
往	2
往事	7
往后	6
往常	7
往年	6
往往	4
往日	7
往来	6
往返	5
征	7
征收	7
征服	7
征求	6
征集	7
径直	7
待	4
待遇	5
很	1
律师	4
徐徐	7
徒劳	7
徒弟	6
徒步	7
得	2
得不偿失	7
得了	6
得以	6
得体	7
得分	3
得到	3
得力	7
得天独厚	7
得失	7
得当	7
得心应手	7
得意	4
得意扬扬	7
得手	7
得益	7
得知	6
得罪	7
徘徊	7
循序渐进	7
循环	6
微	7
微不足道	7
微型	7
微妙	7
微小	6
微弱	7
微微	7
微波炉	7
微生物	7
微笑	5
微观	7
德才兼备	7
心	4
心事	7
心声	7
心安理得	7
心底	6
心得	7
心态	5
心思	7
心急如焚	7
心情	4
心想事成	7
心意	7
心愿	6
心慌	7
心灵	6
心灵手巧	7
心爱	6
心理	5
心甘情愿	7
心疼	6
心病	7
心目	6
心眼儿	7
心肠	7
心胸	7
心脏	6
心血	7
心酸	7
心里	3
必	5
必不可少	7
必修	6
必定	7
必将	7
必然	5
必要	5
必需	5
必须	3
忌	7
忌口	7
忌妒	7
忌讳	7
忍	5
忍受	6
忍心	7
忍耐	7
志向	7
志愿	7
志愿者	5
志气	7
忘	2
忘记	3
忙	1
忙乱	7
忙活	7
忙碌	5
忠于	7
忠告	7
忠实	7
忠心	7
忠诚	7
忠贞	7
忧愁	7
忧虑	7
忧郁	7
快	2
快乐	2
快捷	6
快活	7
快要	2
快递	4
快速	4
快餐	4
念	5
念书	6
念头	7
念念不忘	7
忽冷忽热	7
忽悠	7
忽然	4
忽略	6
忽视	5
怀	6
怀孕	6
怀念	6
怀抱	7
怀旧	7
怀疑	4
态势	7
态度	4
怂恿	7
怎么	1
怎么办	3
怎么样	1
怎样	3
怕	3
怜惜	7
思前想后	7
思念	6
思想	5
思索	7
思绪	7
思维	5
思考	5
思路	6
怠工	7
怠慢	7
怡然自得	7
急	3
急中生智	7
急于	7
急于求成	7
急促	7
急切	6
急剧	7
急功近利	7
急忙	5
急性	7
急救	6
急诊	5
急躁	7
急迫	7
急需	5
性	4
性价比	6
性别	4
性命	7
性情	7
性感	7
性格	4
性能	6
性质	5
怨	7
怨恨	7
怨气	7
怨言	7
怪	5
怪不得	7
怪异	7
怪物	7
总	3
总之	5
总体	5
总共	5
总和	7
总数	5
总是	3
总理	6
总算	6
总结	4
总统	5
总而言之	7
总裁	6
总计	6
总部	5
总额	7
恋恋不舍	7
恋爱	5
恍然大悟	7
恐吓	7
恐怕	4
恐怖	7
恐惧	6
恐慌	7
恐龙	7
恒星	7
恢复	5
恨	6
恨不得	7
恩人	7
恩怨	7
恩情	7
恩爱	7
恭喜	5
恭敬	7
恭维	7
息息相关	7
恰到好处	7
恰好	6
恰如其分	7
恰巧	7
恰当	6
恰恰	6
恳切	7
恳求	7
恶	7
恶作剧	7
恶劣	6
恶化	7
恶心	6
恶性	7
恶意	7
恼火	7
恼羞成怒	7
悄悄	5
悔恨	7
悠久	5
悠闲	7
患	6
患者	6
悦耳	7
您	1
悬	7
悬崖	7
悬念	7
悬挂	7
悬殊	7
悲伤	6
悲剧	6
悲哀	7
悲惨	7
悲欢离合	7
悲痛	7
悲观	6
悼念	7
情不自禁	7
情人	7
情侣	7
情况	4
情商	7
情境	7
情形	6
情怀	7
情感	5
情愿	7
情报	7
情景	5
情理	7
情结	7
情绪	5
情节	6
情调	7
情谊	7
惊人	6
惊动	7
惊叹	7
惊吓	7
惊喜	5
惊天动地	7
惊奇	7
惊心动魄	7
惊慌	7
惊慌失措	7
惊讶	6
惊险	7
惋惜	7
惦记	7
惨	7
惨痛	7
惨白	7
惨重	7
惩罚	6
惬意	7
惭愧	7
惯	7
惯例	7
惯性	7
想	1
想念	5
想方设法	7
想法	4
想象	5
惹	7
愁	6
愁眉苦脸	7
愈	7
愈加	7
愈合	7
愈演愈烈	7
愉快	4
愉悦	7
意义	5
意向	7
意味	7
意味着	5
意图	7
意外	5
意志	7
意思	2
意想不到	7
意愿	7
意料	7
意见	4
意识	5
愚公移山	7
愚昧	7
愚蠢	7
感	4
感人	4
感兴趣	3
感冒	3
感到	3
感动	4
感受	4
感叹	7
感性	7
感恩	7
感悟	7
感情	4
感想	6
感慨	7
感染	6
感激	6
感觉	4
感触	7
感谢	4
愣	7
愤怒	6
愿	5
愿意	3
愿望	5
慈善	7
慈祥	7
慌	7
慌乱	7
慌张	7
慌忙	7
慎重	7
慢	2
慢性	7
慰劳	7
慰问	7
慷慨	7
憋	7
憔悴	7
憧憬	7
憨厚	7
懂	2
懂事	7
懂得	3
懒	4
懒得	7
懒惰	7
戈壁	7
戏	5
戏剧	5
戏曲	6
成	6
成为	4
成交	6
成人	5
成全	7
成分	5
成功	4
成千上万	6
成员	5
成品	7
成型	7
成天	7
成家	7
成家立业	7
成就	5
成年	5
成心	7
成才	7
成效	6
成本	5
成果	5
成熟	5
成立	5
成绩	3
成群结队	7
成语	6
成长	5
我	1
我们	1
戒	7
戒备	7
戒指	6
或	3
或多或少	7
或是	5
或者	3
或许	5
战争	6
战友	7
战场	7
战士	7
战役	7
战斗	6
战术	7
战略	7
战胜	6
截	7
截止	6
截然不同	7
截至	6
戳	7
戴	4
户	6
户外	5
房东	4
房价	6
房地产	7
房子	3
房屋	5
房租	4
房间	1
所	5
所以	2
所作所为	7
所在	7
所属	7
所有	4
所谓	7
扁	7
扇	5
扇子	5
手	2
手册	7
手动	7
手势	6
手头	7
手套	5
手工	5
手帕	7
手指	5
手掌	7
手术	5
手机	1
手枪	7
手段	5
手法	6
手续	5
手脚	7
手腕	7
手臂	6
手艺	7
手表	2
才	3
才华	6
才干	7
才能	6
扎	6
扎实	7
扎根	7
扑	6
扑克	7
扑灭	6
扑面而来	7
扒	7
打	2
打下手	7
打交道	6
打仗	6
打倒	7
打击	6
打动	6
打包	5
打卡	6
打印	4
打印机	4
打发	7
打听	5
打喷嚏	7
打岔	7
打工	4
打开	2
打扫	3
打扮	5
打扰	4
打折	4
打招呼	4
打捞	7
打搅	7
打断	5
打架	6
打消	7
打猎	7
打电话	1
打盹儿	7
打破	5
打磨	7
打算	3
打败	4
打赌	7
打车	2
打造	6
打量	7
打针	4
打雷	6
扔	4
托	7
托付	7
托运	6
扛	7
扣	6
扣人心弦	7
扣押	7
扣留	7
扣除	7
执意	7
执法	7
执照	7
执着	7
执行	5
扩	7
扩充	7
扩大	5
扩展	6
扩建	7
扩张	7
扩散	7
扫	3
扫兴	7
扫墓	7
扫帚	7
扫描	6
扫码	4
扫除	7
扬	7
扭	6
扭头	7
扭曲	7
扭转	7
扮	7
扮演	6
扯	7
扰乱	7
扳	7
扶	5
扶持	7
批	5
批准	5
批判	7
批发	7
批评	4
找	1
承办	6
承包	7
承受	5
承担	5
承接	7
承认	5
承诺	6
承载	7
技巧	6
技术	4
技能	5
技艺	6
抄	6
抄袭	7
抉择	7
把	3
把关	7
把手	7
把握	5
把柄	7
抑制	6
抑扬顿挫	7
抑郁	7
抑郁症	7
抒情	7
抓	5
抓紧	5
投	5
投入	5
投奔	7
投射	7
投掷	7
投放	7
投机	7
投票	6
投稿	7
投诉	6
投资	6
投身	7
投降	7
抖	7
抗争	7
抗拒	7
抗生素	7
抗衡	7
抗议	7
折	6
折叠	7
折合	7
折射	7
折扣	5
折磨	7
折腾	7
抚养	7
抚恤	7
抚摸	7
抛	6
抛弃	7
抠	7
抡	7
抢	5
抢劫	7
抢夺	7
抢救	5
抢眼	7
护	7
护士	4
护照	3
护理	7
报	7
报仇	7
报刊	6
报到	5
报名	4
报告	5
报复	7
报废	7
报案	7
报社	6
报答	7
报纸	3
报考	4
报警	5
报道	5
报酬	7
报销	7
抨击	7
披	6
披露	7
抬	4
抬头	4
抱	4
抱怨	5
抱歉	4
抱负	7
抵	7
抵制	7
抵御	7
抵抗	6
抵押	7
抵挡	7
抵消	7
抵触	7
抵达	6
抹	7
抹杀	7
押	7
押金	5
抽	5
抽奖	6
抽屉	7
抽查	7
抽样	7
抽签	7
抽象	6
拄	7
担	7
担任	5
担保	7
担子	7
担当	7
担心	3
担忧	6
担负	7
拆	5
拆迁	7
拆除	6
拇指	7
拉	4
拉动	7
拉拢	7
拉链	7
拌	7
拍	4
拍卖	7
拍摄	5
拍板	7
拍照	3
拎	7
拐	6
拐弯	6
拐杖	7
拒绝	4
拓宽	7
拓展	7
拔	7
拖	6
拖延	6
拖欠	7
拖累	7
拖鞋	5
拘束	7
拘留	7
拙劣	7
招	6
招募	7
招商	7
招待	6
招手	6
招揽	7
招收	6
招数	7
招标	7
招牌	7
招生	6
招聘	4
拜会	7
拜年	6
拜托	7
拜见	7
拜访	6
拟	7
拟定	7
拣	7
拥护	7
拥抱	5
拥挤	6
拥有	5
拦	6
拧	7
拨	7
拨打	5
拨款	7
括号	7
拯救	7
拱	7
拳	7
拳击	7
拳头	7
拴	7
拼	5
拼命	7
拼接	7
拼搏	7
拼音	5
拽	7
拾	6
拿	2
拿手	7
持	7
持久	6
持之以恒	7
持平	7
持有	6
持续	5
挂	4
挂号	5
挂失	7
挂念	7
挂钩	7
指	4
指令	7
指出	4
指南	7
指向	7
指定	6
指导	5
指引	7
指手画脚	7
指挥	6
指控	7
指教	7
指数	7
指望	7
指标	7
指点	7
指甲	7
指示	6
指纹	7
指责	6
按	4
按摩	6
按时	4
按照	4
按理	7
按说	7
按钮	7
挎	7
挑	5
挑剔	7
挑战	5
挑拨	7
挑衅	7
挑选	5
挖	6
挖掘	7
挖苦	7
挟持	7
挠	7
挡	5
挣	5
挣扎	7
挤	5
挤压	7
挥	5
挥舞	7
挥霍	7
挨	7
挨家挨户	7
挪	7
挫折	6
挫败	7
振作	7
振兴	7
振动	7
振奋	7
挺	3
挺拔	7
挽	7
挽回	7
挽救	7
捂	7
捅	7
捆	7
捉	6
捉迷藏	7
捍卫	7
捎	7
捏	7
捐	5
捐款	6
捐献	7
捐赠	6
捕	6
捕捉	7
捕获	7
捕食	7
捞	7
损人利己	7
损伤	6
损坏	6
损失	5
损害	5
捡	5
换	3
换乘	4
换取	7
捣乱	7
捧	6
捧场	7
据	5
据悉	7
据说	5
捶	7
捷径	7
掀	7
掀起	7
授予	7
授权	7
掉	4
掉头	7
掉队	7
掌声	5
掌握	5
掌管	7
掌舵	7
掏	6
掏腰包	7
掐	7
排	4
排列	5
排名	6
排放	6
排斥	7
排查	7
排球	4
排练	6
排行榜	7
排队	4
排除	6
掠夺	7
探	7
探亲	7
探望	7
探求	7
探测	7
探究	7
探索	6
探讨	6
探险	7
接	3
接二连三	7
接力	7
接受	4
接待	5
接手	7
接收	5
接替	7
接济	7
接班	7
接班人	7
接着	4
接纳	7
接见	7
接触	5
接轨	7
接近	5
接连	6
控制	5
控告	7
推	4
推出	4
推动	5
推卸	7
推崇	7
推广	5
推敲	7
推断	7
推测	6
推理	7
推移	7
推算	7
推翻	7
推荐	5
推行	6
推论	7
推辞	7
推进	5
推迟	4
推选	7
推销	6
掩护	7
掩盖	7
掩耳盗铃	7
掩饰	7
措手不及	7
措施	5
掰	7
掺	7
揉	7
揍	7
描写	6
描绘	6
描述	5
提	4
提交	5
提供	4
提倡	5
提出	4
提到	4
提前	4
提升	5
提及	7
提取	6
提名	7
提心吊胆	7
提拔	7
提炼	7
提示	6
提纲	7
提议	7
提起	5
提速	7
提醒	4
提问	5
提防	7
提高	3
插	5
插嘴	7
插图	7
插座	6
插手	7
插曲	7
揠苗助长	7
握	5
握手	5
揣	7
揣摩	7
揣测	7
揪	7
揭	7
揭发	7
揭晓	7
揭示	7
揭露	7
援助	7
揽	7
搀	7
搁	7
搁浅	7
搁置	7
搂	7
搅	7
搅拌	7
搏斗	7
搓	7
搜	5
搜寻	7
搜救	7
搜查	7
搜索	5
搜集	6
搞	5
搞笑	7
搞鬼	7
搬	3
搬家	3
搬迁	7
搭	6
搭乘	7
搭建	7
搭档	7
搭配	6
携带	6
携手	7
摄像	6
摄像头	6
摄影	5
摄氏度	4
摆	6
摆动	7
摆平	7
摆放	6
摆脱	6
摆设	7
摇	5
摇摆	7
摇摇欲坠	7
摇晃	7
摇篮	7
摊	7
摔	5
摔跤	7
摘	5
摘要	7
摧残	7
摧毁	7
摩托车	6
摩擦	7
摸	5
摸索	7
撇	7
撑	6
撒	6
撒谎	7
撕	7
撞	5
撞击	7
撤	7
撤回	6
撤离	7
撤退	7
撤销	6
撬	7
播	6
播放	4
播种	6
撰写	7
撵	7
擅自	7
擅长	5
操作	5
操劳	7
操场	4
操心	7
操控	7
操纵	7
操练	7
擦	4
攀	7
攀升	7
攀登	7
攒	7
支	5
支付	4
支出	6
支持	4
支援	7
支撑	6
支架	7
支柱	7
支流	7
支票	7
支配	7
收	3
收买	7
收入	4
收养	7
收到	3
收割	7
收取	6
收听	4
收复	7
收拾	4
收据	7
收支	7
收敛	7
收留	7
收益	6
收看	5
收缩	7
收获	5
收藏	6
收视率	7
收购	6
收费	4
收集	5
收音机	7
改	4
改动	7
改变	4
改善	5
改天	5
改日	7
改正	5
改版	7
改编	6
改良	7
改装	7
改观	7
改进	5
改造	6
改邪归正	7
改革	5
攻	7
攻克	7
攻关	7
攻击	6
攻势	7
攻读	7
放	3
放假	3
放大	6
放学	3
放宽	7
放射	7
放弃	4
放心	3
放映	7
放松	4
放水	7
放纵	7
放置	7
放肆	7
放过	7
放飞	6
政党	7
政府	5
政权	7
政治	5
政策	6
故	7
故乡	5
故事	3
故意	4
故障	6
效仿	7
效力	7
效应	6
效果	4
效率	5
效益	7
敌人	5
敌视	7
敏感	5
敏捷	7
敏锐	7
救	5
救助	6
救命	6
救护车	5
救援	6
救死扶伤	7
救治	7
救济	7
救灾	6
教	2
教养	7
教学	4
教室	2
教师	4
教授	4
教材	5
教条	7
教科书	7
教练	4
教育	4
教训	6
敞开	7
敢	4
敢于	5
散	6
散发	6
散布	7
散文	6
散步	4
散落	7
敦促	7
敦厚	7
敬	7
敬业	7
敬佩	7
敬意	7
敬爱	7
敬畏	7
敬礼	7
敬而远之	7
敬请	7
敬重	7
数	4
数一数二	7
数字	4
数字化	6
数学	3
数据	5
数据库	7
数目	6
数码	7
数量	4
数额	7
敲	4
敲诈	7
整	4
整个	4
整体	5
整合	7
整数	7
整整	5
整治	7
整洁	7
整理	4
整顿	7
整齐	5
敷	7
敷衍	7
文	7
文人	7
文件	4
文具	6
文凭	7
文化	3
文字	4
文学	5
文明	6
文档	6
文物	6
文献	6
文盲	7
文科	6
文章	4
文艺	6
文雅	7
斑点	7
斑马线	7
斗	7
斗争	6
斗志	7
料	6
料理	7
斜	5
斟酌	7
斤	3
斧子	7
斩	7
斩钉截铁	7
断	5
断定	7
断断续续	7
断然	7
断章取义	7
断绝	7
断裂	7
新	1
新人	5
新兴	6
新型	5
新奇	7
新娘	5
新媒体	6
新年	3
新式	7
新手	7
新春	7
新款	6
新潮	7
新生	7
新能源	6
新郎	5
新闻	3
新陈代谢	7
新颖	6
新鲜	3
方	5
方位	6
方便	3
方便面	3
方向	3
方向盘	7
方圆	7
方式	4
方方面面	6
方案	5
方法	3
方言	6
方针	7
方面	4
施加	7
施压	7
施展	7
施工	7
施行	7
旁人	7
旁边	2
旅客	4
旅游	2
旅程	6
旅行	4
旅行社	5
旅途	6
旅馆	4
旋律	7
旋涡	7
旋转	6
族	5
旗帜	7
旗袍	7
无	4
无不	7
无从	7
无价之宝	7
无偿	7
无关	5
无关紧要	7
无力	7
无动于衷	7
无可厚非	7
无可奈何	7
无奈	5
无家可归	7
无形	7
无微不至	7
无忧无虑	7
无情	7
无意	7
无所事事	7
无所作为	7
无所谓	6
无故	7
无效	5
无敌	7
无数	5
无条件	7
无比	7
无法	4
无济于事	7
无理	7
无疑	6
无知	7
无私	7
无穷	7
无精打采	7
无线	7
无缘	7
无耻	7
无聊	4
无能	7
无能为力	7
无论	4
无论如何	7
无话可说	7
无赖	7
无辜	7
无边无际	7
无限	5
无非	7
无须	7
既	4
既然	4
日	1
日前	6
日历	5
日后	6
日复一日	7
日夜	6
日子	4
日常	4
日新月异	7
日期	4
日用品	5
日益	6
日程	7
日记	4
日趋	7
旧	3
旨在	7
早	1
早上	1
早已	5
早年	7
早日	7
早晚	5
早晨	4
早期	5
早餐	4
早饭	1
旬	7
旭日	7
旱灾	6
时	2
时事	7
时代	5
时候	1
时光	6
时刻	5
时好时坏	7
时尚	6
时差	5
时常	5
时时	7
时期	5
时机	6
时段	7
时空	7
时而	7
时节	7
时装	7
时速	6
时间	1
时间表	4
时隔	7
时髦	7
旷课	7
旺	7
旺季	7
旺盛	7
昂贵	6
昆虫	5
昌盛	7
明亮	6
明天	1
明媚	7
明年	1
明明	6
明星	5
明显	5
明智	7
明朗	7
明白	3
明确	5
昏	7
昏迷	7
易于	6
易拉罐	7
昔日	7
星座	7
星星	4
星期	1
星期天	1
星期日	1
星球	7
星系	7
星级	7
春天	3
昨天	1
是	1
是否	4
是非	7
昼夜	7
显	6
显得	5
显微镜	7
显性	7
显然	5
显现	7
显眼	7
显示	5
显示器	7
显而易见	7
显著	6
显赫	7
显露	7
晃	7
晃荡	7
晋升	7
晋级	7
晒	5
晕	6
晕头转向	7
晕车	6
晚	1
晚上	1
晚会	3
晚安	4
晚年	7
晚期	7
晚点	3
晚霞	7
晚餐	4
晚饭	1
普及	5
普通	4
普通话	4
普遍	4
景区	4
景点	4
景色	4
景观	6
景象	6
晴	2
晴朗	6
晶莹	7
智力	6
智商	7
智慧	5
智能	5
晾	6
暂	7
暂且	7
暂停	4
暂时	4
暑假	4
暖	6
暖和	4
暖气	6
暖烘烘	7
暗	5
暗中	7
暗地里	7
暗示	6
暧昧	7
暨	7
暴利	7
暴力	6
暴躁	7
暴雨	5
暴露	6
暴风骤雨	7
曙光	7
曝光	7
曰	7
曲	6
曲折	7
曲线	7
曲艺	7
更	3
更加	4
更换	5
更改	7
更新	5
更正	7
更衣室	7
曾	5
曾经	5
替	5
替换	7
替补	7
最	2
最佳	5
最初	5
最后	3
最好	3
最终	4
最近	3
月	1
月亮	3
月份	4
月光	6
月球	6
月饼	4
有	1
有些	1
有关	3
有利	5
有力	5
有助于	5
有劲	6
有名	3
有声有色	7
有害	5
有幸	7
有序	6
有待	7
有意	7
有意思	2
有效	4
有时	2
有望	7
有朝一日	7
有机	6
有条不紊	7
有点儿	1
有用	3
有的	1
有的放矢	7
有益	5
有着	4
有趣	4
有限	5
朋友	1
服	6
服从	6
服务	3
服务器	7
服气	7
服用	6
服装	5
服饰	7
朗诵	7
朗读	6
望	6
望远镜	7
朝	5
朝三暮四	7
朝代	6
朝夕相处	7
朝气蓬勃	7
期	4
期中	4
期待	5
期望	6
期末	4
期盼	7
期间	5
期限	6
朦胧	7
木偶	7
木匠	7
木头	5
木材	6
未	6
未免	7
未必	6
未成年人	6
未来	5
未知数	7
末	4
末日	7
本	1
本事	7
本人	5
本分	7
本土	6
本地	5
本子	2
本性	7
本意	7
本来	4
本着	7
本科	4
本能	6
本色	7
本质	5
本身	6
本钱	7
本领	5
朱红	7
朴实	7
朴素	6
朵	5
机会	3
机关	7
机制	6
机动	7
机动车	6
机器	5
机器人	5
机场	2
机密	7
机智	7
机构	5
机械	6
机灵	7
机票	2
机舱	7
机遇	6
杀	6
杀害	7
杀手	7
杀毒	7
杂	6
杂乱无章	7
杂交	7
杂志	4
杂技	7
权	5
权利	5
权力	6
权威	7
权益	7
权衡	7
权限	7
杆	7
材料	4
材质	6
村	4
村庄	6
杜绝	7
束	5
束手无策	7
束缚	7
杠杆	7
条	2
条件	4
条例	7
条款	7
条理	7
条约	7
来	1
来不及	4
来临	6
来之不易	7
来历	7
来回	7
来宾	7
来年	7
来往	6
来得及	4
来源	5
来电	7
来自	3
来访	7
来龙去脉	7
杨树	7
杯子	1
杰出	6
松	6
松弛	7
松懈	7
松树	7
板块	7
极	3
极为	6
极其	5
极力	7
极度	7
极端	6
极限	7
构建	7
构思	7
构想	7
构成	5
构造	6
枕	7
枕头	6
枚	7
果实	5
果断	7
果汁	4
果然	5
果真	7
枝	6
枢纽	7
枣	7
枪	6
枪毙	7
枯燥	6
枯竭	7
枯萎	7
架	5
架势	7
架子	7
柏树	7
某	5
染	6
柔和	7
柔软	6
柜台	7
柜子	5
查	3
查处	7
查找	4
查明	7
查看	4
查获	7
查询	6
柱子	7
柳树	7
柴油	7
柿子	7
标	7
标准	4
标志	5
标本	7
标榜	7
标点	7
标示	7
标签	7
标致	7
标记	7
标识	7
标语	7
标题	5
栋	6
栋梁	7
栏	6
栏杆	7
栏目	7
树	3
树干	7
树木	5
树林	4
树梢	7
树立	6
树荫	7
校园	3
校长	3
株	6
样	6
样品	7
样子	4
样式	5
样本	7
核	7
核实	7
核对	7
核心	6
核查	7
核桃	7
核武器	7
核电站	7
核能	7
根	5
根基	7
根据	3
根本	5
根治	7
根深蒂固	7
根源	7
格外	5
格子	7
格局	7
格式	7
格格不入	7
栽	7
栽培	7
栽赃	7
桂花	7
桃	5
框	7
框架	7
案件	7
案例	6
桌子	1
桑拿	7
档案	6
档次	7
桥	4
桥梁	6
桨	7
桩	7
桶	4
梅花	6
梦	4
梦寐以求	7
梦幻	7
梦想	4
梨	5
梯子	7
梳	7
梳子	7
梳理	7
检察	7
检查	3
检测	6
检票	3
检讨	7
检验	6
棉	6
棉花	7
棋子	6
棍	6
棒	4
棒球	6
棕色	6
棘手	7
棚	7
森林	4
棱角	7
棵	4
棺材	7
椅子	1
植物	4
椭圆	7
椰子	7
楷模	7
楼	2
楼梯	3
楼道	6
概	7
概况	7
概念	5
概括	5
概率	6
概论	7
榜样	6
榨	7
槐树	7
模仿	6
模型	6
模式	5
模拟	6
模样	6
模特儿	6
模糊	5
模范	7
横	6
横向	7
橘子	5
橙子	5
橡皮	5
橡胶	7
橱窗	7
欠	5
欠条	7
欠缺	7
次	2
次品	7
次序	7
次数	6
次日	7
次要	7
欢乐	6
欢呼	7
欢声笑语	7
欢快	7
欢聚	7
欢迎	3
欣喜	7
欣慰	7
欣欣向荣	7
欣赏	5
欧洲	5
欲望	6
欺诈	7
欺负	7
欺骗	6
款	6
款式	6
款待	7
款项	7
歇	6
歉意	7
歌	1
歌剧	7
歌唱	6
歌声	4
歌手	4
歌曲	5
歌舞	7
歌词	5
歌谣	7
歌颂	7
止	5
止步	7
正	2
正义	6
正在	1
正好	4
正如	5
正宗	7
正常	4
正式	4
正当	7
正月	7
正气	7
正版	7
正直	7
正确	4
正经	7
正能量	7
正规	6
正视	7
正面	6
此	4
此刻	6
此前	5
此后	5
此外	4
此时	5
此次	4
此致	7
此起彼伏	7
步	4
步伐	7
步入	7
步行	5
步骤	6
武侠	7
武力	7
武器	6
武术	5
武装	7
歧视	7
歪	6
歪曲	7
歹徒	7
死	4
死亡	6
死心	7
歼灭	7
残	7
残忍	7
残留	7
残疾	6
残缺	7
残酷	7
殴打	7
段	3
段落	7
殷勤	7
殿堂	7
毁	7
毁坏	7
毁灭	7
毅力	7
毅然	7
母	6
母亲	4
母女	4
母子	4
母语	6
每	2
毒	6
毒品	7
比	2
比例	5
比分	5
比喻	5
比如	3
比方	6
比比皆是	7
比试	7
比赛	3
比较	3
比重	6
毕业	4
毕业生	4
毕生	7
毕竟	5
毛	3
毛巾	4
毛病	5
毛笔	5
毛衣	4
毫不	6
毫升	6
毫无	6
毫米	6
毯子	7
民主	6
民事	7
民众	6
民俗	6
民办	7
民宿	6
民居	7
民意	7
民族	4
民歌	6
民生	7
民用	7
民营	7
民间	6
气	4
气体	6
气候	4
气势	7
气压	7
气味	6
气息	7
气愤	7
气氛	6
气泡	7
气派	7
气流	7
气温	4
气球	5
气管	7
气色	7
气象	7
气质	6
气馁	7
气魄	7
氛围	6
氧气	6
水	1
水产	7
水准	7
水分	5
水利	7
水土	7
水域	7
水平	3
水库	6
水晶	7
水果	1
水汽	7
水泥	6
水流	6
水涨船高	7
水源	7
水滴石穿	7
水稻	6
水落石出	7
水面	6
水龙头	7
永久	7
永恒	7
永远	4
求	6
求助	6
求医	7
求同存异	7
求婚	6
求学	7
求救	6
求职	6
求证	7
汇	6
汇合	7
汇报	6
汇款	6
汇率	5
汇聚	7
汇集	7
汉字	1
汉服	7
汉语	1
汗	4
汗水	5
汗马功劳	7
江	4
江山	7
池	5
池塘	7
污染	4
污水	6
污秽	7
污蔑	7
汤	4
汤圆	6
汪洋	7
汲取	7
汹涌	7
汽水	4
汽油	5
汽车	3
沉	5
沉思	7
沉浸	7
沉淀	7
沉甸甸	7
沉着	7
沉睡	7
沉稳	7
沉迷	7
沉重	6
沉闷	7
沉默	5
沏	7
沐浴	7
沙发	3
沙子	5
沙滩	7
沙漠	5
沙龙	7
沟	6
沟通	5
没事	1
没关系	1
没准儿	7
没劲	7
没完没了	7
没意思	2
没收	7
没有	1
没法儿	5
没落	7
没辙	7
沧桑	7
沮丧	7
河	3
河流	5
河畔	7
沸沸扬扬	7
沸腾	7
油	4
油条	5
油漆	7
油画	7
油腻	7
治	5
治安	7
治愈	7
治理	6
治疗	5
沼泽	7
沾	7
沾光	7
沿	5
沿岸	7
沿海	6
沿用	7
沿线	7
沿途	7
泄	7
泄密	7
泄气	7
泄漏	7
泄露	7
法	4
法人	7
法则	7
法制	7
法官	6
法定	6
法庭	7
法律	4
法治	7
法规	6
法院	5
泛滥	7
泡	6
泡沫	7
波动	7
波及	7
波折	7
波浪	7
波涛	7
波澜	7
泥	6
泥土	7
泥泞	7
泥潭	7
注	7
注册	5
注定	7
注射	7
注意	3
注视	7
注释	7
注重	5
注销	7
泪	5
泪水	5
泰斗	7
泻	7
泼	6
泼冷水	7
洁净	7
洁白	7
洋溢	7
洒	5
洗	2
洗手间	2
洗涤	7
洗漱	6
洗澡	3
洗礼	7
洗衣机	3
洞	5
洞穴	7
津津有味	7
洪亮	7
洪水	6
活	4
活力	6
活动	4
活期	7
活泼	4
活该	7
活跃	6
洽谈	7
派	5
派出所	5
派别	7
派遣	7
流	4
流传	5
流入	6
流利	4
流动	6
流向	7
流域	7
流失	7
流感	5
流氓	7
流水	7
流派	7
流浪	7
流淌	7
流畅	7
流程	6
流血	7
流行	4
流转	7
流通	6
流逝	7
流量	6
流露	7
浅	5
浅显	7
浇	5
测	5
测定	7
测算	7
测试	5
测量	6
测验	7
浏览	5
浏览器	6
浑身	7
浓	5
浓厚	6
浓缩	7
浓郁	7
浓重	7
浩劫	7
浩瀚	7
浪漫	4
浪费	4
浮	6
浮力	7
浮动	7
浮现	7
浮躁	7
浴室	6
海	3
海关	5
海内外	6
海军	7
海啸	7
海域	6
海外	5
海岸	6
海峡	7
海报	7
海拔	6
海洋	4
海湾	7
海滨	7
海滩	7
海盗	7
海绵	7
海藻	7
海豚	7
海运	7
海量	7
海面	6
海鲜	5
浸泡	7
涂	7
消	7
消化	5
消失	5
消息	4
消极	5
消毒	6
消沉	7
消灭	6
消磨	7
消耗	6
消费	5
消费者	5
消遣	7
消防	6
消除	6
涉及	6
涉嫌	7
涉猎	7
涌	7
涌现	6
涝	7
润	7
涨	5
涨价	5
涨幅	7
涮	7
液体	6
液晶	7
涵盖	7
淀粉	7
淋	6
淌	7
淘	7
淘气	6
淘汰	6
淡	5
淡化	7
淡季	7
淡水	7
淤泥	7
深	4
深入	5
深入人心	7
深切	7
深刻	5
深化	7
深厚	5
深夜	6
深奥	7
深度	5
深思	7
深情	7
深情厚谊	7
深沉	7
深远	5
深造	7
深邃	7
淳朴	7
混	6
混乱	6
混合	6
混浊	7
混淆	7
淹	6
淹没	6
添	6
添加	6
添加剂	7
清	6
清凉	7
清单	7
清扫	6
清新	7
清晨	6
清晰	6
清楚	3
清洁	6
清洗	6
清淡	6
清澈	7
清理	6
清脆	7
清醒	6
清除	7
清静	7
渊源	7
渐渐	5
渔民	7
渔船	7
渗	7
渗透	7
渠道	6
渡	6
渣	7
温习	7
温和	6
温室	7
温差	7
温带	7
温度	4
温度计	7
温暖	5
温柔	6
温泉	7
温馨	7
港	7
港口	6
港湾	7
渴	3
渴望	6
游	2
游人	6
游客	3
游戏	3
游泳	2
游玩	4
游船	7
游行	7
游览	5
渺小	7
湖	5
湖泊	7
湿	5
湿地	7
湿度	6
湿润	7
溅	7
源于	6
源头	7
源泉	7
源源不断	7
源远流长	7
溜	7
溜达	7
溢	7
溪	7
溶解	7
溺水	7
滋味	7
滋润	7
滋生	7
滑	5
滑冰	6
滑梯	7
滑稽	7
滑行	6
滑雪	6
滔滔不绝	7
滚	5
滚动	7
滞后	7
滞留	7
满	4
满怀	7
满意	3
满足	5
滥用	7
滴	6
漂	6
漂亮	1
漂泊	7
漂流	7
漂浮	7
漆	7
漆黑	7
漏	5
漏洞	6
演	4
演习	7
演出	4
演化	7
演变	7
演员	4
演唱	4
演奏	6
演技	7
演示	7
演练	7
演绎	7
演讲	5
演说	7
漠然	7
漫	7
漫游	7
漫画	6
漫长	6
潇洒	7
潜伏	7
潜入	7
潜力	6
潜在	7
潜心	7
潜水	7
潜移默化	7
潜能	7
潜艇	7
潦草	7
潮	7
潮水	7
潮流	6
潮湿	6
澄清	7
澎湃	7
激光	7
激动	4
激励	6
激化	7
激发	6
激增	7
激情	6
激活	7
激烈	5
激素	7
激荡	7
激起	7
濒临	7
濒危	7
瀑布	7
灌	7
灌溉	7
灌输	7
火	4
火候	7
火山	7
火柴	6
火灾	6
火炬	7
火热	7
火焰	7
火爆	7
火箭	7
火腿	7
火花	7
火车	1
火辣辣	7
火速	7
火锅	5
灭	6
灭亡	7
灭绝	7
灯	3
灯光	5
灯泡	7
灯笼	6
灰	5
灰尘	6
灰心	6
灰色	5
灵	7
灵巧	7
灵感	7
灵敏	7
灵机一动	7
灵活	5
灵通	7
灵魂	7
灶	7
灼热	7
灾	6
灾区	6
灾害	6
灾难	6
灿烂	7
炉子	7
炊烟	7
炎热	6
炎症	6
炒	5
炒作	7
炒股	6
炖	7
炫耀	7
炭	7
炮	7
炸	5
炸弹	7
炸药	7
点	1
点击	6
点名	4
点头	4
点子	7
点心	5
点火	7
点燃	6
点缀	7
点评	7
点赞	5
炼	7
烂	6
烈士	7
烈日	7
烘	7
烘干	7
烘托	7
烘焙	7
烟	4
烟囱	7
烟火	7
烟花	7
烤	4
烦	4
烦恼	4
烦躁	7
烦闷	7
烧	5
烧毁	7
烧烤	5
烫	6
热	1
热带	7
热度	6
热心	5
热情	3
热水器	6
热泪盈眶	7
热潮	7
热点	6
热烈	5
热爱	5
热线	6
热腾腾	7
热衷	7
热议	6
热量	5
热销	7
热门	6
热闹	4
烹调	7
烹饪	7
焕发	7
焕然一新	7
焚烧	7
焦	7
焦急	7
焦点	6
焦虑	6
焦躁	7
然后	3
然而	4
煎	7
煎熬	7
煤	6
煤气	7
煤炭	7
照	3
照例	7
照办	7
照射	7
照常	7
照料	7
照明	6
照样	7
照片	3
照相	3
照耀	7
照顾	3
煮	5
煲	7
煽动	7
熄火	7
熄灭	7
熊	4
熏	7
熏陶	7
熙熙攘攘	7
熟	4
熟人	5
熟悉	4
熟练	5
熨	7
熬	7
熬夜	5
燃放	7
燃料	6
燃气	7
燃油	7
燃烧	5
燕子	7
爆	6
爆发	6
爆满	7
爆炸	6
爆竹	7
爪子	7
爬	3
爱	1
爱不释手	7
爱人	3
爱好	2
爱心	4
爱情	4
爱惜	7
爱慕	7
爱戴	7
爱护	5
父亲	4
父女	4
父子	4
父母	4
爷爷	2
爸爸	1
爹	7
爽	7
爽快	7
片	4
片刻	6
片子	7
片段	7
片面	6
版	6
版本	6
版权	7
牌	4
牌子	4
牌照	7
牙	3
牙刷	3
牙膏	4
牙齿	5
牛	3
牛仔裤	5
牛奶	1
牡丹	7
牢	6
牢固	7
牢牢	7
牢记	7
牢骚	7
牧场	7
牧民	7
物业	5
物价	5
物体	6
物力	7
物品	5
物流	7
物理	5
物种	7
物美价廉	7
物色	7
物证	7
物质	5
物资	7
牲畜	7
牵	6
牵制	7
牵头	7
牵扯	7
牵挂	7
牵涉	7
特	6
特产	5
特例	7
特别	3
特制	7
特地	6
特定	6
特征	5
特性	6
特意	6
特有	5
特权	7
特此	7
特殊	5
特点	4
特色	5
特质	7
特邀	7
特长	6
牺牲	7
犀利	7
犯	6
犯愁	7
犯罪	7
犯规	7
状元	7
状况	5
状态	5
犹如	6
犹豫	5
犹豫不决	7
狂	7
狂欢	7
狂热	7
狐狸	7
狗	1
狠	6
狡猾	7
独	7
独一无二	7
独家	7
独特	5
独立	5
独自	5
独身	7
狭义	7
狭小	7
狭窄	7
狭隘	7
狮子	6
狼	6
狼吞虎咽	7
狼狈	7
猎人	7
猎物	7
猖狂	7
猛	7
猛烈	7
猛然	7
猜	4
猜想	7
猜测	6
猩猩	7
猪	5
猫	1
献	7
猴子	5
玄	7
玄机	7
率	6
率先	6
率领	6
玉	7
玉米	5
王国	7
王子	6
王朝	7
王牌	7
玩	1
玩具	5
玩弄	7
玩意儿	7
玩耍	7
玫瑰	5
环	6
环保	4
环境	3
环比	7
环球	7
环绕	7
环节	5
现代	5
现代化	5
现任	7
现在	1
现场	5
现存	6
现实	5
现成	7
现有	4
现状	5
现行	7
现象	5
现货	6
现金	4
玻璃	5
珍惜	5
珍珠	6
珍稀	7
珍藏	7
珍视	7
珍贵	5
珍重	7
珠宝	6
班	2
班级	3
球	2
球场	3
球迷	4
球队	4
理	6
理事	7
理会	7
理发	4
理念	6
理性	6
理想	4
理所当然	7
理智	7
理由	5
理直气壮	7
理睬	7
理科	6
理解	4
理论	5
理财	6
琐碎	7
琢磨	7
琴	4
琴棋书画	7
瑕疵	7
瑞雪	7
瑰宝	7
璀璨	7
瓜分	7
瓜子	7
瓦	7
瓦解	7
瓶子	3
瓶颈	7
瓷器	6
甘心	7
甚至	4
甜	3
甜品	5
甜美	7
甜蜜	7
生	4
生产	5
生产线	7
生前	7
生动	5
生命	4
生命力	6
生命线	7
生存	5
生平	7
生态	6
生怕	7
生意	4
生成	6
生效	7
生日	2
生机	7
生死	7
生气	3
生活	3
生涯	7
生物	5
生理	7
生疏	7
生病	1
生硬	7
生肖	5
生育	7
生长	5
用	3
用于	4
用人	6
用力	5
用功	6
用品	5
用处	6
用心	6
用意	7
用户	5
用来	4
用法	5
用途	5
用餐	6
甩	7
田	6
田园	7
田径	6
田野	7
田间	7
由	4
由于	4
由来	6
由此	5
由衷	7
甲	5
申办	7
申报	7
申诉	7
申请	4
申领	7
电	3
电信	7
电力	6
电动	5
电动车	4
电台	7
电商	5
电器	5
电子书	3
电子版	5
电影	1
电影院	1
电梯	3
电池	5
电源	6
电线	7
电网	7
电脑	1
电视	1
电视剧	4
电视台	5
电讯	7
电话	1
电饭锅	6
男	1
男人	3
男士	4
男子	5
男孩儿	2
男性	4
男方	7
男朋友	1
男生	3
画	2
画册	7
画家	3
画蛇添足	7
画面	5
画龙点睛	7
畅谈	7
畅通	6
畅销	6
界	7
界定	7
界线	7
界限	7
畏惧	7
畏缩	7
留	4
留下	4
留学	3
留学生	3
留心	7
留念	7
留恋	7
留意	7
留神	7
留言	5
畜牧	7
略	7
略微	7
番	6
番茄	5
畸形	7
疏导	7
疏忽	7
疏散	7
疏远	7
疏通	7
疑惑	6
疑点	7
疑虑	7
疑问	5
疗养	7
疗效	7
疗法	7
疙瘩	7
疤	7
疫苗	7
疯	7
疯子	7
疯狂	5
疲倦	7
疲劳	6
疲惫	7
疼	2
疼爱	7
疼痛	5
疾病	5
病	1
病人	3
病历	7
病情	5
病房	5
病毒	6
病症	7
症状	6
症结	7
痒	6
痕迹	6
痛	4
痛心	7
痛快	6
痛苦	5
痰	7
痴呆	7
痴心	7
痴迷	7
瘟疫	7
瘦	3
瘫	7
瘫痪	7
瘸	7
瘾	7
癌	7
癌症	7
登	5
登场	7
登录	5
登机	4
登记	5
登陆	7
登顶	7
白	5
白天	1
白白	6
白色	2
白酒	4
白领	6
百	1
百分比	7
百分点	6
百合	7
百科全书	7
百般	7
百货	6
的	1
的确	5
的话	3
皆	7
皆大欢喜	7
皇上	7
皇后	7
皇室	7
皇宫	7
皇帝	6
皮	6
皮肤	4
皮革	7
皮鞋	4
皱	7
皱纹	7
盆	5
盆地	7
盈利	7
益处	6
盏	7
盐	4
监察	7
监护	7
监控	7
监测	6
监狱	7
监督	6
监管	7
监视	7
盒子	4
盒饭	5
盖	5
盗	7
盗版	7
盗窃	7
盘	6
盘子	3
盘旋	7
盘算	7
盛	6
盛产	7
盛会	7
盛夏	7
盛大	7
盛宴	7
盛开	7
盛情	7
盛气凌人	7
盛行	7
盟友	7
目不转睛	7
目中无人	7
目光	5
目前	4
目录	6
目标	4
目的	4
目的地	4
目睹	7
目瞪口呆	7
盯	7
盲人	6
盲目	7
直	5
直到	3
直升机	7
直径	7
直接	4
直播	5
直线	7
直至	7
直观	7
直视	7
直觉	7
直辖市	7
直达	7
相互	4
相传	6
相伴	7
相似	5
相信	3
相关	5
相册	5
相反	4
相同	4
相声	6
相处	5
相对	5
相差	6
相应	6
相当	5
相提并论	7
相机	3
相比	4
相等	6
相约	7
相继	7
相识	7
相貌	7
相辅相成	7
相近	7
相连	6
相通	7
相遇	7
盼	7
盼望	6
省	4
省事	7
省份	5
省会	5
省略	7
眉开眼笑	7
眉毛	6
看	1
看不起	6
看中	6
看似	6
看作	5
看台	7
看好	6
看守	7
看待	6
看得起	6
看护	7
看望	5
看来	3
看法	4
看病	1
看管	7
看见	1
看重	6
真	1
真实	5
真心	7
真情	7
真挚	7
真是	7
真正	4
真理	7
真相	6
真空	7
真诚	5
眨眼	7
眯	7
眺望	7
眼	5
眼下	7
眼光	6
眼前	4
眼泪	5
眼界	7
眼看	6
眼睛	2
眼神	7
眼红	7
眼色	7
眼镜	4
着	2
着凉	5
着力	7
着实	7
着急	3
着想	7
着手	7
着火	4
着眼	7
着落	7
着迷	7
着重	7
睁	6
睡	1
睡眠	5
睡袋	7
睡觉	1
督促	7
瞄准	7
瞅	7
瞎	7
瞒	7
瞧	6
瞪	7
瞬间	6
瞻仰	7
矗立	7
矛头	7
矛盾	5
矣	7
知名	5
知己	7
知觉	7
知识	4
知识分子	7
知足	7
知足常乐	7
知道	1
矫正	7
短	3
短信	4
短处	5
短暂	7
短期	5
短缺	6
短裤	3
矮	3
石头	5
石油	6
矿	7
矿产	7
矿泉水	3
矿藏	7
码	7
码头	6
砍	6
砍伐	7
研制	5
研发	5
研究	4
研究生	4
研讨	6
砖	6
破	4
破产	6
破例	7
破坏	5
破旧	7
破案	7
破灭	7
破碎	7
破裂	7
破解	7
破除	7
砸	7
硕士	4
硕果	7
硬	5
硬件	5
硬币	7
硬朗	7
硬盘	7
确保	5
确信	7
确凿	7
确切	7
确定	5
确实	4
确立	6
确认	5
确诊	7
碍事	7
碎	5
碑	7
碗	3
碟	7
碧绿	7
碰	5
碰巧	7
碰撞	6
碰见	5
碰钉子	7
磁带	7
磁铁	7
磅	7
磋商	7
磕	7
磨	7
磨合	7
磨损	7
磨炼	7
磨难	7
礁石	7
示威	7
示意	7
示范	6
礼仪	7
礼品	7
礼堂	7
礼尚往来	7
礼服	7
礼物	3
礼节	7
礼貌	4
社	6
社交	7
社会	4
社会主义	7
社区	5
社团	7
祈祷	7
祖传	7
祖先	6
祖国	6
祖宗	7
祖母	7
祖父	7
祖籍	7
祝	4
祝愿	6
祝福	6
祝贺	4
神	6
神仙	7
神圣	7
神奇	6
神态	7
神情	7
神气	7
神秘	5
神经	6
神话	5
祥和	7
票	2
票房	7
祭	7
祭奠	7
祭祀	7
祸害	7
禁不住	7
禁区	7
禁忌	7
禁止	4
福	5
福利	6
福气	7
离	2
离奇	7
离婚	5
离开	3
离职	5
离谱儿	7
禾苗	7
秀丽	7
秀美	7
私下	7
私事	7
私人	5
私家车	7
私有	7
私立	7
私自	7
私营	7
秃	7
秉承	7
秉持	7
秋天	3
种	3
种地	6
种子	5
种族	7
种植	5
种类	5
科	6
科学	4
科幻	6
科技	4
科普	6
科目	6
科研	5
秒	4
秘书	5
秘密	5
秘方	7
秘诀	7
租	4
租赁	7
租金	5
秤	7
秧歌	7
秩序	6
积	7
积攒	7
积极	4
积淀	7
积累	4
积蓄	7
称	5
称为	5
称作	6
称号	6
称呼	6
称心如意	7
称赞	5
移	5
移交	7
移动	5
移植	7
移民	6
稀	7
稀奇	7
稀少	7
稀有	7
稀罕	7
程序	5
程度	5
稍	4
稍后	7
稍微	4
稍稍	7
税	5
税务	7
税收	7
稚嫩	7
稠	7
稠密	7
稳	7
稳健	7
稳固	7
稳妥	7
稳定	5
稳重	7
稻草	7
稿件	6
稿子	6
穴位	7
究竟	4
穷	5
空	4
空中	5
空军	7
空前	7
空地	6
空想	7
空气	4
空洞	7
空白	7
空荡荡	7
空虚	7
空调	3
空闲	6
空间	5
空间站	7
空隙	7
空难	7
穿	1
穿梭	7
穿着	7
穿越	7
穿过	6
突兀	7
突出	5
突击	7
突发	6
突如其来	7
突然	3
突破	6
突破口	7
窃取	7
窄	5
窍门	7
窑	7
窒息	7
窗	4
窗口	6
窗台	5
窗帘	7
窗户	4
窘迫	7
窜	7
窝	7
窟窿	7
立	6
立交桥	7
立体	7
立刻	5
立功	7
立即	5
立场	6
立方	7
立方米	7
立案	7
立法	7
立足	7
竖	6
竖立	7
站	2
站台	5
站立	7
竞争	4
竞技	7
竞相	7
竞赛	6
竞选	7
竟	7
竟然	4
章	6
章程	7
竣工	7
童年	4
童话	6
竭力	7
竭尽全力	7
端	6
端正	7
竹子	5
竹竿	7
笑	2
笑容	6
笑话	4
笔	2
笔墨	7
笔记	3
笔记本	3
笔试	4
笛子	7
符号	6
符合	4
笨	4
笨拙	7
笨蛋	7
笨重	7
第	1
第一手	7
笼子	7
笼统	7
笼罩	7
等	2
等于	5
等候	5
等到	4
等待	5
等级	6
筋	7
筐	7
筑	7
筒	7
答	4
答复	6
答应	4
答案	4
答辩	7
策划	6
策略	6
筛	7
筛查	7
筛选	6
筷子	3
筹	7
筹划	7
筹办	7
筹备	6
筹措	7
筹码	7
筹集	7
签	5
签名	5
签字	5
签约	7
签署	7
签订	5
签证	4
简介	6
简体字	7
简化	6
简单	3
简历	5
简易	7
简洁	7
简直	5
简短	7
简称	7
简练	7
简要	7
简陋	7
算	4
算了	6
算数	7
算是	6
算盘	7
算计	7
算账	7
管	4
管家	7
管教	7
管理	4
管用	7
管辖	7
管道	6
箭	6
箱子	3
篇	4
篇幅	7
篮球	2
簇拥	7
籍贯	7
米	3
米饭	1
类	5
类似	5
类别	6
类型	5
籽	7
粉	6
粉丝	7
粉末	7
粉碎	7
粒	6
粗	4
粗心	4
粗心大意	7
粗暴	7
粗略	7
粗糙	7
粗鲁	7
粘	6
粘贴	6
粥	6
粪	7
粪便	7
粮食	5
粽子	6
精	7
精准	6
精力	5
精华	7
精品	7
精妙	7
精密	7
精巧	7
精度	7
精彩	4
精彩纷呈	7
精心	6
精打细算	7
精明	7
精湛	7
精疲力竭	7
精益求精	7
精确	6
精神	5
精神病	7
精简	7
精练	7
精细	7
精美	6
精致	6
精英	7
精通	6
精髓	7
糊	7
糊涂	7
糖	3
糖尿病	7
糖果	6
糟	5
糟粕	7
糟糕	5
糟蹋	7
系	5
系列	6
系统	5
紊乱	7
素	7
素不相识	7
素养	7
素材	7
素质	6
素食	7
索取	7
索性	7
索赔	7
紧	5
紧凑	7
紧密	5
紧张	4
紧急	5
紧缩	7
紧缺	7
紧迫	7
紫	5
累	2
累积	7
累计	7
累赘	7
絮叨	7
繁体字	7
繁华	7
繁多	7
繁忙	6
繁杂	7
繁殖	6
繁荣	5
繁衍	7
繁重	7
纠正	6
纠纷	6
纠缠	7
红	5
红利	7
红包	4
红扑扑	7
红润	7
红火	7
红绿灯	3
红色	2
红茶	2
红薯	7
纤维	7
约	4
约会	4
约定	5
约定俗成	7
约束	6
级	5
级别	7
纪实	7
纪录	5
纪录片	5
纪律	6
纪念	5
纪念日	5
纪念碑	7
纪要	7
纬度	7
纯	6
纯朴	7
纯洁	7
纯粹	7
纱	7
纲要	7
纲领	7
纳入	7
纳税	7
纳税人	7
纳闷儿	7
纵容	7
纵横	7
纵深	7
纵然	7
纵观	7
纷纷	5
纸	3
纸上谈兵	7
纸巾	4
纸币	7
纺织	7
纽带	7
纽扣	7
线	6
线上	4
线下	4
线条	7
线索	6
线路	5
练	3
练习	3
组	4
组合	5
组建	7
组成	5
组织	5
组装	7
绅士	7
细	4
细微	7
细心	4
细胞	6
细腻	7
细致	6
细节	5
细菌	6
织	7
终于	3
终极	7
终止	7
终点	6
终生	7
终究	7
终端	7
终结	7
终身	6
绊	7
绊脚石	7
经	7
经久不息	7
经典	5
经历	4
经受	7
经商	6
经常	2
经度	7
经济	4
经理	3
经营	5
经贸	7
经费	7
经过	3
经验	4
绑	7
绑架	7
结	5
结合	5
结婚	3
结实	6
结尾	6
结局	7
结晶	7
结束	3
结构	5
结果	4
结算	7
结论	5
结识	7
结账	4
绕	5
绕行	7
绕远儿	7
绘制	7
绘声绘色	7
绘画	6
给	1
给予	6
络绎不绝	7
绝	7
绝对	5
绝技	7
绝望	6
绝缘	7
绝迹	7
绞	7
统一	5
统治	7
统筹	7
统统	7
统计	5
绣	7
继	7
继承	6
继母	7
继父	7
继续	4
继而	7
绩效	7
续	7
续航	7
绯闻	7
绰号	7
绳子	7
维修	5
维护	6
维持	5
维权	7
维生素	6
绷	7
绷带	7
综合	5
综艺	7
绽放	7
绿化	6
绿地	7
绿洲	7
绿色	2
绿茶	2
缅怀	7
缆车	7
缓	7
缓和	7
缓慢	5
缓解	5
缕	7
编	6
编写	6
编制	7
编剧	7
编号	7
编排	7
编程	7
编织	7
编辑	6
编造	7
缘分	7
缘故	7
缝	7
缝合	7
缠	7
缠绕	7
缤纷	7
缩	7
缩减	7
缩小	5
缩影	7
缩水	7
缩短	5
缴	7
缴纳	7
缸	7
缺	4
缺乏	5
缺口	7
缺失	7
缺少	4
缺席	7
缺点	4
缺陷	6
罐	6
罐头	7
网	6
网上	2
网友	4
网址	4
网民	7
网点	7
网球	3
网站	3
网络	5
网购	4
网页	4
罕见	6
罚	5
罚款	5
罢了	7
罢休	7
罢免	7
罢工	7
罩	7
罪	6
罪犯	7
罪魁祸首	7
置	7
羊	3
美	4
美中不足	7
美丽	4
美化	7
美味	5
美好	4
美妙	7
美学	7
美容	7
美德	7
美景	4
美术	5
美滋滋	7
美满	7
美观	6
美誉	7
美食	4
羞愧	7
羞耻	7
羡慕	4
群	5
群众	6
群体	5
羽毛球	3
羽绒服	6
翅膀	5
翘	7
翠绿	7
翻	5
翻天覆地	7
翻新	7
翻来覆去	7
翻番	7
翻译	4
翻身	7
耀眼	7
老	3
老乡	7
老人	3
老人家	7
老伴儿	7
老公	5
老化	7
老大	7
老太太	6
老婆	5
老字号	7
老实	6
老家	4
老师	1
老年	4
老是	4
老板	5
老百姓	5
老虎	4
老鼠	6
考	2
考古	6
考察	6
考查	7
考核	6
考生	4
考虑	4
考试	2
考量	7
考验	6
者	4
而	4
而且	3
而已	7
耍	7
耍赖	7
耐	7
耐人寻味	7
耐心	4
耐用	7
耕	7
耕地	7
耕耘	7
耗	7
耗时	7
耗费	7
耳光	7
耳朵	3
耳机	3
耳熟能详	7
耳环	6
耳目一新	7
耸	7
耸立	7
耻笑	7
耻辱	7
耽搁	7
耽误	6
耿直	7
聆听	7
聊	3
聊天儿	3
聋	7
职业	4
职位	6
职务	6
职员	6
职场	5
职工	5
职称	7
职能	7
职责	6
联合	5
联合国	6
联想	6
联手	7
联欢	7
联盟	7
联系	4
联络	7
联网	6
联赛	7
聘	7
聘任	7
聘用	7
聘请	5
聚	4
聚会	4
聚焦	7
聚精会神	7
聚集	6
聚餐	4
聪明	3
肆无忌惮	7
肇事	7
肉	2
肌肉	5
肌肤	7
肖像	7
肚子	4
肝	6
肠	6
股	7
股东	7
股份	7
股市	6
股民	7
股票	6
肢体	7
肤浅	7
肥	6
肥料	7
肥沃	6
肥皂	7
肥胖	6
肩膀	6
肩负	7
肯	6
肯定	4
肺	6
肺炎	6
肾	7
肿	6
肿瘤	7
胀	7
胃	5
胃口	6
胆小	5
胆小鬼	7
胆怯	7
胆量	7
背	4
背包	4
背叛	7
背后	5
背影	7
背心	6
背景	5
背诵	7
背负	7
背面	7
胎	7
胎儿	7
胖	3
胖乎乎	7
胚胎	7
胜	5
胜任	7
胜出	7
胜利	5
胜负	7
胡乱	7
胡同	5
胡子	6
胡思乱想	7
胡说	7
胡闹	7
胳膊	4
胶囊	7
胶带	6
胶水	6
胸	6
胸怀	7
胸有成竹	7
胸膛	7
能	1
能人	7
能力	4
能否	4
能够	4
能干	5
能源	6
能耐	7
能耗	7
能量	6
脂肪	6
脆	6
脆弱	6
脉搏	7
脉络	7
脊梁	7
脏	3
脑子	6
脑海	7
脑袋	6
脖子	6
脚	3
脚印	6
脚步	5
脚踏实地	7
脱	4
脱口而出	7
脱离	7
脱节	7
脱落	7
脱身	7
脱颖而出	7
脸	3
脸色	5
脸颊	7
脾	7
脾气	4
腊月	7
腐朽	7
腐烂	7
腐蚀	7
腐败	7
腔	7
腥	7
腰	5
腹	7
腹泻	7
腼腆	7
腾	7
腿	3
膜	7
膝盖	7
膨胀	7
膳食	7
臀	7
自	4
自主	7
自习	4
自从	5
自以为是	7
自信	4
自力更生	7
自动	5
自助	6
自卑	7
自卫	7
自发	7
自在	7
自如	7
自始至终	7
自学	4
自尊	7
自己	2
自强不息	7
自律	6
自愿	6
自我	6
自杀	6
自来水	6
自治区	7
自满	7
自然	4
自然界	7
自然而然	7
自理	7
自由	5
自相矛盾	7
自私	7
自称	7
自立	7
自行	7
自行车	3
自觉	5
自言自语	6
自豪	6
自负	7
自责	7
自费	7
自身	5
自首	7
臭	5
至	5
至于	6
至今	5
至关重要	6
至少	4
至此	7
致	7
致使	7
致力于	7
致命	7
致富	7
致敬	7
致辞	7
舅舅	6
舆论	7
舌头	6
舍不得	5
舍得	5
舒展	7
舒服	2
舒畅	7
舒适	5
舔	7
舞	7
舞台	5
舞蹈	5
航天	7
航天员	7
航海	7
航班	4
航空	6
航行	7
航运	7
舱	7
船	3
船只	6
船舶	7
艘	6
良	7
良好	5
良心	7
良性	7
艰巨	7
艰苦	5
艰辛	6
艰险	7
艰难	6
色彩	5
艳丽	7
艺人	6
艺术	4
艾滋病	7
节	3
节俭	7
节假日	4
节制	7
节奏	6
节日	3
节气	7
节目	3
节省	5
节约	4
节能	6
节衣缩食	7
芝麻	7
芬芳	7
芭蕾	7
芯片	7
花	2
花卉	7
花园	3
花朵	6
花样	7
花瓣	7
花生	6
花纹	7
花蕾	7
花费	5
芽	7
苍白	7
苍蝇	7
苏醒	7
苗	7
苗头	7
苗条	7
苛刻	7
若	7
若干	7
若是	7
苦	4
苦尽甘来	7
苦心	7
苦恼	7
苦涩	7
苦笑	7
苦难	7
英俊	7
英勇	7
英明	7
英雄	6
苹果	1
茁壮	7
茂密	7
茂盛	7
范围	5
范畴	7
茉莉	7
茎	7
茫然	7
茫茫	7
茶	1
茶叶	4
荆棘	7
草	3
草丛	7
草原	6
草地	3
草坪	7
草案	7
草率	7
草药	7
荒	7
荒凉	7
荒唐	7
荒诞	7
荒谬	7
荡漾	7
荣幸	7
荣耀	7
荣获	7
荣誉	6
荤	7
荧光	7
药	2
药品	5
药店	2
药方	7
药材	7
药物	5
荷花	7
莅临	7
莫名其妙	7
莫大	7
莫非	7
莲子	7
获取	4
获奖	4
获得	4
获悉	7
菊花	6
菜	1
菜单	3
菜肴	7
菩萨	7
萌发	7
萌芽	7
萍水相逢	7
萎缩	7
萝卜	7
营业	5
营养	5
营利	7
营救	7
营造	7
营销	7
萧条	7
落	4
落后	6
落地	6
落实	7
落差	7
落成	7
落户	7
著作	6
著名	4
著称	7
葡萄	4
葡萄酒	4
董事	7
董事会	7
董事长	7
葬	7
葬礼	7
葱	7
蒙	7
蒜	7
蒸	7
蒸发	7
蓝	3
蓝图	7
蓬勃	7
蔑视	7
蔓延	7
蔚蓝	7
蔬菜	5
蕴含	7
蕴藏	7
薄	5
薄弱	6
薪水	6
薪酬	7
薯片	6
藏	5
藏匿	7
藏品	7
藏身	7
藐视	7
藤蔓	7
蘑菇	7
蘸	7
虐待	7
虔诚	7
虚	7
虚伪	7
虚假	7
虚幻	7
虚弱	7
虚心	5
虚拟	7
虚构	7
虚荣	7
虫子	5
虽	6
虽然	2
虽说	7
虾	7
蚂蚁	6
蚊子	7
蚊帐	7
蛀牙	7
蛇	5
蛋白质	6
蛋糕	3
蜂蜜	7
蜜月	7
蜜蜂	6
蜡	7
蜡烛	7
蝴蝶	5
螃蟹	7
融	7
融入	6
融化	6
融合	6
融洽	7
融资	7
螺丝	7
蠢	7
血	4
血压	6
血型	6
血液	6
血管	6
血缘	7
血脉	7
行	3
行业	5
行为	5
行人	5
行使	7
行列	7
行动	5
行家	7
行情	7
行政	7
行星	7
行李	3
行程	5
行走	5
行驶	5
衍生	7
衔接	7
街	3
街坊	7
街头	6
街道	4
衡量	6
衣服	1
衣裳	7
衣食住行	6
补	6
补习	6
补偿	6
补充	5
补助	7
补救	7
补给	7
补课	6
补贴	6
表	4
表决	7
表彰	7
表态	7
表情	5
表扬	4
表明	5
表格	4
表演	3
表率	7
表现	4
表白	7
表示	4
表达	5
表述	7
表面	5
衬托	7
衬衫	3
衰减	7
衰弱	7
衰竭	7
衰老	6
衰落	7
衰退	7
衷心	7
袋子	4
袖子	6
袖手旁观	7
袖珍	7
袜子	4
被	3
被动	6
被告	7
被子	5
被迫	6
袭击	7
裁	7
裁决	7
裁判	5
裁员	7
裁定	7
裁缝	7
裂	7
裂痕	7
裂缝	7
装	4
装修	5
装备	6
装扮	7
装置	7
装饰	5
裙子	3
裤子	2
裸	7
裸体	7
裸露	7
裹	7
褒贬	7
西	3
西北	3
西南	3
西方	3
西瓜	3
西红柿	4
西装	5
西部	4
西餐	5
要	1
要不	5
要不是	5
要么	6
要命	7
要好	7
要害	7
要强	7
要是	4
要求	3
要点	6
要素	6
要紧	7
要领	7
覆盖	6
见	1
见义勇为	7
见仁见智	7
见利忘义	7
见外	7
见多识广	7
见效	7
见解	7
见证	7
见识	7
见闻	7
见面	3
观众	4
观光	6
观察	5
观念	5
观感	7
观摩	7
观望	7
观测	7
观点	5
观看	4
观赏	6
规划	6
规则	5
规定	4
规律	5
规格	7
规模	5
规矩	6
规章	7
规范	6
视为	5
视力	6
视察	7
视线	7
视觉	6
视角	7
视野	7
视频	4
觉得	1
觉悟	7
觉醒	7
角	3
角度	5
角色	5
角落	6
角逐	7
解	6
解体	7
解决	3
解剖	7
解围	7
解放	6
解救	7
解散	7
解析	7
解渴	7
解答	6
解约	7
解脱	7
解说	6
解读	6
解释	4
解除	7
解雇	7
触动	7
触摸	7
触犯	7
触目惊心	7
触觉	7
言行	7
言论	7
言语	6
言辞	7
警告	6
警察	4
警惕	7
警戒	7
警报	7
警犬	7
警示	7
警钟	7
譬如	7
计	7
计划	4
计策	7
计算	5
计算机	5
计较	7
订	4
订单	6
订婚	6
订立	7
订购	7
订阅	7
认	5
认为	3
认可	6
认同	6
认定	6
认得	3
认真	3
认知	6
认证	7
认识	1
认错	6
讥笑	7
讨	7
讨价还价	7
讨厌	4
讨好	7
讨论	4
让	2
让步	7
训	7
训练	5
议	7
议程	7
议论	6
议题	7
记	3
记号	7
记录	5
记得	2
记忆	5
记忆犹新	7
记性	7
记者	4
记载	5
讲	3
讲座	5
讲理	7
讲究	5
讲解	6
讲话	5
讲述	5
许	7
许可	6
许多	4
许愿	7
讹诈	7
论坛	6
论文	5
论证	7
论述	7
讽刺	7
设	7
设备	5
设定	7
设想	6
设施	5
设法	7
设立	5
设置	5
设计	5
访谈	6
访问	5
诀窍	7
证	4
证书	5
证人	7
证件	4
证券	7
证实	6
证据	5
证明	4
评	5
评价	5
评估	6
评判	7
评委	7
评定	7
评审	7
评论	6
评选	6
识	6
识别	6
诈骗	7
诉求	7
诉苦	7
诉讼	7
诉说	7
诉诸	7
诊所	7
诊断	5
词	2
词典	3
词汇	5
词语	4
译	7
试	3
试卷	5
试图	6
试探	7
试点	7
试用	5
试行	7
试题	4
试验	5
诗	5
诗人	5
诗歌	6
诗词	6
诚信	6
诚实	4
诚恳	7
诚意	7
诚挚	7
话剧	4
话筒	6
话语	7
话费	5
话题	5
诞生	6
诞辰	7
诠释	7
诡计	7
询问	5
该	3
详尽	7
详细	4
诧异	7
诬陷	7
语文	5
语气	5
语法	4
语言	3
语音	5
误	6
误会	4
误区	7
误导	7
误差	7
误解	6
诱人	7
诱发	7
诱惑	7
诱饵	7
说	1
说不上	7
说不定	5
说情	7
说明	4
说明书	4
说服	5
说法	4
说话	1
说谎	7
请	1
请假	3
请客	3
请帖	7
请教	5
请柬	7
请求	5
请示	7
请问	1
诸位	7
诸多	6
诸如此类	7
诺言	7
读	1
读书	1
读物	7
读者	4
读音	5
诽谤	7
课	1
课堂	4
课文	3
课本	3
课程	4
课题	6
谁	1
调	5
调侃	7
调剂	7
调动	6
调和	7
调度	7
调控	7
调整	5
调料	7
调查	4
调皮	5
调研	5
调节	6
调解	7
调试	7
谅解	7
谈	4
谈判	6
谈及	7
谈论	6
谈话	5
谋划	7
谋取	7
谋害	7
谋求	7
谋生	7
谎言	7
谎话	7
谜	7
谜团	7
谜底	7
谜语	7
谢绝	7
谢谢	1
谣言	7
谦虚	6
谦逊	7
谨慎	5
谱	7
谴责	7
谷物	7
豁	7
豁出去	7
豁达	7
豆子	7
豆浆	5
豆腐	5
象征	5
象棋	6
豪华	7
豪迈	7
豹	7
贝壳	7
负	7
负担	5
负责	4
负责人	4
负重	7
负面	6
贡献	5
财产	6
财力	7
财务	6
财富	6
财政	7
财物	6
财经	7
责任	4
责备	7
责怪	7
败	6
败坏	7
账单	6
账号	5
账户	5
货	4
货币	6
货物	5
货车	6
货运	7
质地	7
质朴	7
质疑	6
质量	4
质问	7
贩卖	7
贪	7
贪吃	7
贪婪	7
贪污	7
贫乏	7
贫困	6
贫穷	7
贬低	7
贬值	7
购买	4
购物	4
贮藏	7
贯彻	7
贯穿	7
贯通	7
贱	7
贴	5
贴切	7
贴近	6
贵	1
贵姓	5
贵宾	7
贵族	7
贵重	6
贷款	6
贸易	6
费	4
费力	7
费劲	7
费用	4
贺信	7
贺电	7
贼	7
贿赂	7
资产	6
资助	7
资历	7
资料	4
资本	6
资本主义	7
资格	5
资深	7
资源	5
资讯	7
资质	7
资金	5
赋予	6
赌	7
赌博	7
赎	7
赏	5
赏识	7
赐	7
赐教	7
赔	5
赔偿	6
赖	6
赚	4
赛	7
赛事	6
赛场	5
赛季	7
赛跑	7
赛车	7
赞不绝口	7
赞助	7
赞叹	7
赞同	6
赞成	5
赞扬	7
赞美	7
赞许	7
赞赏	6
赠	5
赠送	5
赡养	7
赢	4
赢家	7
赢得	4
赤字	7
赤道	7
赫然	7
走	2
走势	7
走向	7
走廊	6
走弯路	7
走投无路	7
走漏	7
走私	7
走路	2
走过场	7
赴	7
赶	4
赶上	4
赶忙	6
赶快	4
赶紧	4
赶赴	7
起	3
起伏	7
起初	6
起到	4
起劲	7
起哄	7
起床	1
起来	2
起步	7
起源	6
起点	6
起码	7
起程	7
起草	7
起诉	7
起跑线	7
起飞	3
趁	6
趁早	7
趁机	7
超	5
超出	5
超前	7
超市	1
超标	7
超级	5
超越	6
超过	4
超速	5
越	3
越发	7
越过	7
趋于	7
趋势	5
趟	4
趣味	6
足	6
足不出户	7
足以	6
足够	5
足智多谋	7
足球	2
足迹	7
趴	7
跌	6
跌幅	7
跑	2
跑步	2
跑道	5
跑龙套	7
距	5
距离	4
跟	2
跟前	6
跟踪	6
跟进	7
跟随	6
跨	7
跨国	7
跨度	7
跨越	7
跪	6
路	2
路上	2
路人	5
路况	6
路口	3
路子	7
路径	7
路段	7
路程	6
路线	5
路边	3
路过	4
路途	7
路面	6
跳	3
跳伞	7
跳动	7
跳槽	7
跳水	6
跳舞	2
跳跃	7
跳远	5
跳高	5
践踏	7
踊跃	7
踏	7
踏实	6
踢	2
踩	6
踪迹	7
踹	7
蹊跷	7
蹦	7
蹬	7
蹭	7
蹲	6
身	4
身不由己	7
身价	7
身份	5
身份证	4
身体	2
身子	7
身影	7
身心	6
身材	5
身躯	7
身边	3
身高	3
躲	5
躲避	6
躺	4
车	1
车主	5
车位	4
车厢	5
车库	5
车祸	5
车站	2
车辆	5
车速	4
车间	7
轨迹	7
轨道	6
转	4
转交	6
转动	6
转化	7
转发	4
转变	5
转告	5
转型	7
转悠	7
转折	7
转折点	7
转换	6
转播	7
转机	4
转眼	7
转移	6
转让	6
转身	6
转载	7
转达	7
轮	6
轮子	6
轮廓	7
轮换	7
轮椅	6
轮流	6
轮胎	7
轮船	6
软	5
软件	5
软实力	7
软弱	7
轰	7
轰动	7
轰炸	7
轻	4
轻型	7
轻微	7
轻易	5
轻松	4
轻而易举	7
轻蔑	7
轻视	7
轻重	5
载体	7
轿车	7
较	5
较为	6
较劲	7
较量	7
辅助	6
辅导	6
辆	3
辉煌	7
辐射	7
输	4
输入	5
输出	6
输液	7
输血	7
输送	6
辖区	7
辗转	7
辛勤	7
辛苦	4
辛酸	7
辜负	7
辞	7
辞典	7
辞呈	7
辞职	5
辞退	7
辣	4
辣椒	6
辨别	7
辨认	7
辩	7
辩护	7
辩解	7
辩论	7
辩证	7
辫子	7
边	1
边境	7
边界	7
边疆	7
边缘	7
边远	7
辽阔	7
达到	4
达成	5
达标	7
迁	7
迁就	7
迁徙	7
迁移	7
迄今	7
迅猛	7
迅速	5
过	2
过不去	7
过于	5
过关	7
过分	5
过剩	7
过半	7
过去	2
过后	6
过境	7
过失	7
过头	7
过奖	7
过年	2
过度	5
过往	7
过意不去	7
过敏	5
过时	6
过期	5
过来	2
过渡	6
过滤	7
过瘾	7
过硬	7
过程	4
过节	3
过道	7
过量	7
过错	7
过问	7
迈	6
迎	5
迎合	7
迎接	5
迎面	7
运	5
运作	7
运动	2
运动会	3
运动员	3
运气	5
运河	7
运用	5
运筹帷幄	7
运算	7
运营	6
运行	6
运费	5
运转	7
运输	5
运送	6
近	2
近代	5
近年来	5
近日	5
近期	5
近来	6
近视	6
返回	5
返还	7
还	1
还原	6
还是	2
这	1
这个	1
这么	2
这些	1
这儿	1
这样	2
这边	1
这里	1
进	2
进一步	5
进修	7
进入	4
进军	7
进化	6
进去	2
进取	7
进口	5
进展	6
进度	6
进攻	7
进来	2
进步	5
进程	7
进而	6
进行	4
远	2
远方	6
远离	4
远程	6
远见	7
远近闻名	7
违反	5
违法	5
违章	7
违约	7
违背	7
违规	6
连	4
连任	7
连同	7
连夜	7
连年	7
连忙	5
连接	5
连续	5
连绵	7
连贯	7
连连	7
连锁	7
迟	4
迟到	3
迟早	7
迟疑	7
迟缓	7
迟迟	7
迟钝	7
迫不及待	7
迫使	7
迫切	6
迫害	7
迭起	7
迷	5
迷人	6
迷信	7
迷失	7
迷恋	7
迷惑	7
迷路	5
迸发	7
迹象	7
追	5
追尾	7
追悼	7
追捧	7
追求	5
追溯	7
追究	6
追赶	7
追踪	7
追逐	7
追问	7
追随	7
退	5
退休	5
退出	5
退化	7
退却	7
退回	7
退役	7
退步	7
退税	6
退缩	7
退让	7
退还	5
送	2
送别	7
送行	7
适合	4
适宜	6
适应	4
适度	6
适当	5
适时	7
适用	5
适量	7
逃	6
逃亡	7
逃生	7
逃跑	6
逃避	7
逆	7
逆境	7
逆行	7
选	3
选举	7
选修	6
选手	5
选拔	6
选择	3
选民	7
选用	7
选项	7
逊色	7
透	6
透彻	7
透支	7
透明	6
透气	7
透过	6
透露	6
逐一	7
逐年	7
逐步	5
逐渐	5
递	5
递交	7
递增	7
途径	6
逗	6
逗留	7
通	4
通俗	7
通信	6
通告	7
通宵	7
通常	5
通报	7
通用	6
通畅	7
通知	4
通红	7
通缉	7
通行	5
通讯	6
通话	6
通货膨胀	7
通车	7
通过	4
通通	7
通道	6
通顺	7
通风	6
逛	4
逝世	7
逞强	7
速度	4
造	5
造价	7
造假	7
造型	6
造就	7
造成	5
造福	7
逢	7
逮	7
逮捕	7
逻辑	5
逼	6
逼真	7
逼近	7
逼迫	7
逾期	7
遇到	3
遇见	3
遇险	7
遇难	7
遍	3
遍地	6
遍布	7
遏制	7
道	4
道具	7
道别	7
道德	6
道歉	4
道理	5
道路	4
遗产	6
遗传	6
遗体	7
遗嘱	7
遗址	6
遗失	7
遗弃	7
遗忘	7
遗憾	5
遗漏	7
遗物	7
遗留	7
遛	7
遥控	7
遥远	6
遭到	6
遭受	6
遭殃	7
遭遇	6
遮	7
遮挡	7
遮盖	7
遵守	5
遵循	7
遵照	7
避	6
避免	5
避暑	7
避让	7
避难	7
邀	7
邀请	4
那	1
那个	1
那么	2
那些	1
那儿	1
那样	2
那边	1
那里	1
邪	7
邪恶	7
邮件	3
邮寄	5
邮局	5
邮政	7
邮票	5
邮箱	3
邮编	7
邻居	3
郁闷	7
郊区	4
郊外	6
郊游	7
郑重	7
部	4
部件	7
部位	6
部分	4
部署	7
部门	4
部队	6
部首	7
都	1
都会	7
都市	6
鄙视	7
酌情	7
配	5
配件	7
配偶	7
配合	5
配备	6
配套	6
配方	7
配置	7
配角	7
配送	5
配音	7
酒	3
酒吧	5
酒店	2
酒楼	7
酒水	6
酒精	6
酗酒	7
酝酿	7
酣畅	7
酣睡	7
酥	7
酱	6
酱油	6
酷	6
酷似	7
酸	4
酸奶	4
酸甜苦辣	5
酿造	7
醇厚	7
醉	5
醋	6
醒	4
醒悟	7
醒目	7
采	7
采取	5
采摘	7
采用	5
采矿	7
采纳	6
采访	5
采购	6
采集	6
释放	6
里	1
里头	5
里程碑	7
里面	2
重	4
重中之重	7
重任	7
重创	7
重叠	7
重合	7
重型	7
重复	5
重大	5
重建	6
重心	6
重新	4
重点	4
重现	7
重用	7
重申	7
重组	7
重要	3
重视	4
重返	7
重重	7
重量	5
重量级	7
野	6
野兽	7
野外	6
野心	7
野生	6
野蛮	7
野餐	7
量	4
量化	7
金子	6
金属	6
金牌	6
金融	6
金钱	6
金额	6
鉴于	7
鉴别	7
鉴定	6
鉴赏	7
针	6
针对	5
针灸	7
针锋相对	7
钉	7
钉子	7
钓鱼	6
钙	7
钞票	7
钟	7
钟头	6
钢琴	4
钢笔	6
钢铁	7
钥匙	4
钦佩	7
钩	7
钱	1
钱财	7
钻	6
钻石	7
钻研	7
钻空子	7
铁	7
铁路	5
铃	5
铅笔	3
铜	6
铜牌	6
铭记	7
铲	7
银	6
银幕	7
银牌	6
银行	3
银行卡	3
铸造	7
铺	6
铺路	7
链接	6
销	7
销售	5
销毁	7
销量	5
锁	5
锁定	7
锄	7
锅	5
锈	7
锋利	7
错	2
错位	7
错别字	7
错综复杂	7
错觉	7
错误	4
错过	4
锡纸	7
锤	7
锦上添花	7
锦旗	7
键	5
键盘	5
锲而不舍	7
锻炼	3
镇	6
镇定	7
镇静	7
镜头	6
镜子	4
镶	7
镶嵌	7
长	2
长久	5
长处	5
长寿	6
长度	5
长征	7
长效	7
长期	5
长期以来	7
长相	7
长短	6
长足	7
长辈	6
长远	5
长途	5
门	2
门口	2
门槛	7
门票	2
门诊	5
门路	7
闪	6
闪烁	7
闪电	6
闭	6
闭幕式	5
问	1
问世	7
问候	7
问卷	5
问题	1
闯	6
闲	5
闲置	7
闲话	7
间	2
间接	6
间断	7
间歇	7
间谍	7
间隔	6
间隙	7
闷	7
闷热	7
闸	7
闹	5
闹事	7
闹钟	5
闺女	7
闻	4
闻名	6
阀门	7
阁楼	7
阅历	7
阅览	7
阅读	4
阎王	7
阐述	7
阐释	7
阔绰	7
队	4
队伍	5
队员	4
队形	7
队长	4
防	5
防卫	7
防守	7
防御	7
防护	7
防止	5
防汛	7
防治	6
防火墙	7
防疫	7
防盗	7
防范	7
阳光	4
阳历	7
阳台	5
阳性	7
阴	2
阴历	7
阴影	7
阴性	7
阴暗	7
阴谋	7
阵	5
阵地	7
阵容	7
阵营	7
阵雨	6
阶层	7
阶梯	7
阶段	5
阶级	7
阻力	7
阻拦	7
阻挠	7
阻挡	6
阻止	5
阻碍	6
阿姨	3
附	7
附件	6
附加	7
附和	7
附属	7
附带	7
附近	3
陆军	7
陆地	5
陆续	5
陈列	7
陈旧	7
陈述	7
陌生	5
降	4
降临	7
降价	4
降低	4
降水	5
降温	4
降落	4
限	6
限于	6
限制	5
限定	7
限度	6
陡	7
陡峭	7
院士	7
院子	4
院长	4
除	6
除了	3
除去	7
除夕	5
除外	7
除非	6
陨石	7
险	6
陪	4
陪伴	5
陪同	6
陶冶	7
陶瓷	7
陶醉	7
陷	7
陷入	6
陷害	7
陷阱	7
隆重	7
随	5
随便	4
随即	7
随后	5
随处可见	7
随心所欲	7
随意	5
随手	5
随时	5
随时随地	7
随机	7
随着	4
随身	7
隐含	7
隐形	7
隐性	7
隐患	7
隐情	7
隐瞒	7
隐私	6
隐约	7
隐蔽	7
隐藏	6
隔	5
隔壁	6
隔离	7
隔阂	7
障碍	6
隧道	7
难	3
难为情	7
难以	5
难以置信	7
难免	6
难关	7
难受	4
难听	3
难堪	7
难处	7
难度	5
难得	5
难得一见	7
难忘	4
难怪	7
难点	6
难看	3
难能可贵	7
难过	3
难道	4
难题	3
雄伟	7
雄厚	7
雄性	7
集	5
集中	5
集会	7
集体	5
集合	5
集团	6
集市	7
集思广益	7
集装箱	7
集资	7
雇	7
雇主	7
雇佣	7
雇员	7
雌性	7
雕	7
雕像	7
雕刻	7
雕塑	7
雨	1
雨水	5
雨衣	3
雪	1
雪上加霜	7
雪山	7
雪糕	5
零	1
零下	4
零件	7
零售	7
零星	7
零碎	7
零花钱	4
零钱	4
零食	4
雷	6
雷同	7
雷达	7
雾	5
需	5
需求	5
需要	3
震	7
震动	7
震惊	7
震撼	7
震荡	7
霜	7
露	6
露天	7
露营	7
露面	7
霸占	7
霸道	7
青	5
青年	4
青春	6
青春期	6
青睐	7
青铜器	7
静	5
静止	7
非	7
非但	7
非凡	7
非常	1
非得	7
非法	7
非洲	5
靠	5
靠拢	7
靠近	5
面	2
面临	5
面前	3
面包	1
面向	5
面子	6
面孔	7
面对	4
面条儿	1
面目全非	7
面积	5
面粉	6
面红耳赤	7
面试	4
面貌	7
面部	6
面面俱到	7
革命	6
革新	7
靴子	7
靶子	7
鞋	3
鞠躬	7
鞭炮	7
鞭策	7
韧性	7
音乐	3
音响	7
音节	6
音量	5
韵味	7
页	3
顶	6
顶多	7
顶尖	7
顶级	7
项	4
项目	5
项链	6
顺	5
顺从	7
顺便	4
顺其自然	7
顺利	4
顺势	7
顺差	7
顺序	4
顺应	7
顺延	7
顺心	7
顺手	7
顺理成章	7
顺畅	7
顺路	7
须	7
须知	7
顽固	7
顽强	6
顽皮	7
顾	6
顾全大局	7
顾及	7
顾名思义	7
顾客	4
顾虑	7
顾问	6
顿	4
顿时	6
颁发	7
颁奖	7
颁布	7
预习	4
预兆	7
预先	7
预告	7
预售	7
预备	7
预定	6
预感	7
预报	5
预料	6
预期	6
预测	5
预示	7
预算	7
预约	5
预见	7
预言	7
预警	7
预计	5
预订	5
预赛	7
预防	5
领	5
领事	7
领事馆	7
领会	7
领先	5
领养	7
领军	7
领取	5
领土	7
领域	5
领导	5
领带	5
领悟	7
领略	7
领袖	7
领队	7
颇	7
颈椎	6
频率	6
频繁	6
频道	6
频频	7
颓废	7
颗	5
颗粒	7
题	2
题材	6
题目	5
颜色	2
额外	7
额度	7
颠倒	7
颠倒黑白	7
颠簸	7
颠覆	7
颤抖	7
风	3
风云	7
风俗	5
风光	6
风力	6
风吹雨打	7
风味	7
风和日丽	7
风土人情	7
风尚	7
风度	7
风情	7
风景	4
风景线	7
风暴	7
风格	5
风气	7
风水	7
风沙	7
风波	7
风流	7
风浪	7
风筝	7
风范	7
风貌	7
风趣	7
风采	7
风险	5
风雨	6
风雨无阻	7
风餐露宿	7
飘	6
飘扬	7
飘浮	7
飙升	7
飞	2
飞机	1
飞碟	7
飞禽走兽	7
飞翔	7
飞船	7
飞行	5
飞行员	5
飞跃	7
飞速	6
食品	4
食堂	4
食宿	7
食欲	6
食物	4
食用	5
餐厅	4
餐饮	5
饥饿	6
饭	1
饭店	1
饭碗	7
饭馆	2
饮料	3
饮用水	6
饮食	5
饱	3
饱和	7
饱满	7
饱经沧桑	7
饲养	7
饲料	7
饶	7
饶恕	7
饺子	1
饼	5
饼干	4
饿	3
馅	7
馋	7
馒头	4
首	4
首付	7
首先	4
首创	7
首席	7
首府	7
首批	7
首次	5
首脑	7
首要	6
首都	4
首饰	7
香	4
香料	7
香水	6
香油	7
香肠	6
香蕉	3
马	3
马上	3
马力	7
马后炮	7
马桶	7
马虎	6
马路	3
驮	7
驯	7
驰名	7
驱动	7
驱逐	7
驳回	7
驻	7
驻扎	7
驻足	7
驾	7
驾照	5
驾驭	7
驾驶	5
骂	5
骄傲	4
骇人听闻	7
验	7
验收	7
验证	6
骏马	7
骑	3
骗	5
骗子	6
骚乱	7
骚扰	7
骤然	7
骨头	6
骨干	7
骨折	7
骨架	7
骨气	7
骨骼	7
高	2
高中	2
高于	4
高价	4
高傲	7
高兴	1
高压	7
高原	6
高大	5
高尚	6
高层	6
高峰	6
高度	5
高手	6
高效	5
高新技术	6
高昂	7
高明	7
高档	5
高涨	7
高温	4
高潮	7
高科技	5
高空	7
高端	6
高等	6
高级	5
高考	4
高血压	7
高见	7
高调	7
高贵	7
高超	6
高速	4
高铁	3
高雅	7
高额	7
高龄	7
鬼	7
魄力	7
魅力	5
魔力	7
魔术	7
魔法	7
魔鬼	7
鱼	2
鲁莽	7
鲜	4
鲜为人知	7
鲜明	6
鲜活	7
鲜美	7
鲜艳	6
鲜花	4
鲜血	7
鲤鱼	7
鲨鱼	6
鲸	7
鳄鱼	7
鸟	2
鸟巢	7
鸡	3
鸡蛋	1
鸣	7
鸦雀无声	7
鸭子	5
鸽子	7
鹅	7
鹏程万里	7
鹤立鸡群	7
鹰	7
鹿	7
麦克风	6
麻	7
麻将	7
麻木	7
麻烦	4
麻痹	7
麻辣	7
麻醉	7
黄	6
黄昏	7
黄瓜	5
黄色	3
黄金	5
黎明	7
黏	7
黑	5
黑名单	7
黑客	7
黑暗	6
黑板	3
黑色	2
黑马	7
默契	7
默默	6
默默无闻	7
鼓	5
鼓动	7
鼓励	4
鼓掌	5
鼓舞	6
鼠标	5
鼻子	4
鼻涕	7
齐	5
齐全	6
齐心协力	7
龙	5
龙头	7
龟	7
