# Traditional-to-Simplified pairs, restricted to characters the shipped
# HSK inventories grade. NOT a general converter -- no phrase table, no
# context resolution, and anything outside the inventory is left alone.
# For real conversion use OpenCC, from which these pairs are derived.
#
# Derived from OpenCC (https://github.com/BYVoid/OpenCC), Apache-2.0.
#
# 1368 pairs, covering an inventory of 3143 characters.
#
# CONVERSION IS MANY-TO-ONE, and this is the number that matters:
#   106 simplified inventory characters have more than one traditional
#   preimage, absorbing 122 extra traditional forms between them.
#   A traditional reader distinguishing 乾 / 幹 / 榦 is credited with the
#   single character 干. Coverage against a simplified inventory is
#   therefore an UPPER BOUND for traditional text, over-crediting by at
#   most those 122 forms.
#
traditional	simplified
丟	丢
並	并
乾	干
亂	乱
亞	亚
佈	布
佔	占
併	并
來	来
侶	侣
侷	局
係	系
俠	侠
俬	私
倆	俩
倉	仓
個	个
們	们
倖	幸
倫	伦
偉	伟
側	侧
偵	侦
偽	伪
傑	杰
傘	伞
備	备
傢	家
傭	佣
傳	传
債	债
傷	伤
傾	倾
僅	仅
僑	侨
僕	仆
僞	伪
僥	侥
僱	雇
價	价
儀	仪
儁	俊
億	亿
儉	俭
儘	尽
償	偿
優	优
儲	储
兇	凶
兌	兑
兒	儿
內	内
兩	两
冊	册
凈	净
凍	冻
凱	凯
別	别
刪	删
則	则
剋	克
剎	刹
剛	刚
剝	剥
創	创
剷	铲
劃	划
劇	剧
劉	刘
劍	剑
劑	剂
勁	劲
動	动
務	务
勛	勋
勝	胜
勞	劳
勢	势
勳	勋
勵	励
勸	劝
勻	匀
匯	汇
區	区
協	协
卹	恤
卻	却
卽	即
厠	厕
厤	历
厭	厌
厲	厉
參	参
叢	丛
吳	吴
吶	呐
呂	吕
員	员
唸	念
問	问
啓	启
啞	哑
啟	启
喚	唤
喪	丧
喫	吃
喬	乔
單	单
嗆	呛
嗇	啬
嗎	吗
嗚	呜
嘆	叹
嘔	呕
嘗	尝
嘩	哗
嘮	唠
嘯	啸
噁	恶
噴	喷
噸	吨
噹	当
嚇	吓
嚐	尝
嚥	咽
嚨	咙
嚮	向
嚴	严
囂	嚣
囉	啰
囌	苏
囑	嘱
囪	囱
國	国
圍	围
園	园
圓	圆
圖	图
團	团
垻	坝
埰	采
執	执
堅	坚
報	报
場	场
塊	块
塗	涂
塵	尘
墊	垫
墜	坠
墮	堕
墰	坛
墳	坟
墻	墙
墾	垦
壇	坛
壓	压
壘	垒
壜	坛
壞	坏
壟	垄
壩	坝
壯	壮
壺	壶
壽	寿
夠	够
夢	梦
夥	伙
夾	夹
奧	奥
奪	夺
奬	奖
奮	奋
妝	妆
姦	奸
娛	娱
婦	妇
媽	妈
嬌	娇
嬰	婴
孃	娘
孫	孙
學	学
孿	孪
宮	宫
寀	采
寢	寝
實	实
寧	宁
審	审
寫	写
寬	宽
寵	宠
寶	宝
將	将
專	专
尋	寻
對	对
導	导
尷	尴
屆	届
屍	尸
屜	屉
屢	屡
層	层
屬	属
岡	冈
峯	峰
島	岛
峽	峡
崑	昆
崗	岗
嵗	岁
嶄	崭
嶇	岖
嶺	岭
嶼	屿
嶽	岳
巔	巅
巖	岩
帥	帅
師	师
帳	帐
帶	带
幟	帜
幣	币
幫	帮
幷	并
幹	干
幾	几
庫	库
廁	厕
廂	厢
廈	厦
廕	荫
廚	厨
廟	庙
廠	厂
廢	废
廣	广
廳	厅
弔	吊
張	张
強	强
彆	别
彈	弹
彌	弥
彎	弯
彔	录
彙	汇
彫	雕
彿	佛
後	后
徑	径
從	从
復	复
徵	征
徹	彻
恆	恒
恥	耻
悅	悦
悶	闷
悽	凄
惡	恶
惱	恼
愛	爱
愜	惬
態	态
慘	惨
慚	惭
慣	惯
慫	怂
慮	虑
慶	庆
慼	戚
慾	欲
憂	忧
憊	惫
憐	怜
憑	凭
憚	惮
憤	愤
憲	宪
憶	忆
懇	恳
應	应
懞	蒙
懲	惩
懶	懒
懷	怀
懸	悬
懼	惧
懾	慑
戀	恋
戰	战
戲	戏
戶	户
扞	捍
拋	抛
拚	拼
挾	挟
捨	舍
捱	挨
捲	卷
掃	扫
掄	抡
掙	挣
掛	挂
採	采
揀	拣
揚	扬
換	换
揮	挥
損	损
搖	摇
搗	捣
搧	扇
搶	抢
摟	搂
摯	挚
摳	抠
摺	折
摻	掺
撈	捞
撐	撑
撓	挠
撥	拨
撫	抚
撲	扑
撿	捡
擁	拥
擇	择
擊	击
擋	挡
擔	担
據	据
擠	挤
擡	抬
擣	捣
擬	拟
擰	拧
擱	搁
擲	掷
擴	扩
擺	摆
擾	扰
攆	撵
攏	拢
攔	拦
攙	搀
攜	携
攝	摄
攢	攒
攤	摊
攪	搅
攬	揽
敎	教
敗	败
敘	叙
敵	敌
數	数
斂	敛
斃	毙
斬	斩
斷	断
於	于
旂	旗
旣	既
昇	升
時	时
晉	晋
晝	昼
暈	晕
暢	畅
暫	暂
曆	历
曉	晓
曏	向
曖	暧
曠	旷
曬	晒
書	书
會	会
朧	胧
朮	术
東	东
枴	拐
柺	拐
査	查
桿	杆
條	条
棄	弃
棊	棋
棗	枣
棟	栋
棲	栖
楊	杨
業	业
極	极
榘	矩
榦	干
榮	荣
構	构
槍	枪
槓	杠
槳	桨
樁	桩
樂	乐
樑	梁
樓	楼
標	标
樞	枢
樣	样
樸	朴
樹	树
橋	桥
機	机
橢	椭
橫	横
檔	档
檢	检
檯	台
檻	槛
櫃	柜
櫥	橱
欄	栏
權	权
欽	钦
歎	叹
歐	欧
歡	欢
歲	岁
歷	历
歸	归
殘	残
殭	僵
殲	歼
殺	杀
殻	壳
殼	壳
毀	毁
毆	殴
氣	气
氾	泛
汎	泛
汙	污
決	决
沒	没
沖	冲
況	况
泝	溯
洩	泄
洶	汹
涼	凉
淒	凄
淚	泪
淨	净
淩	凌
淵	渊
淺	浅
減	减
渦	涡
測	测
渾	浑
湊	凑
湧	涌
湯	汤
準	准
溝	沟
溫	温
溼	湿
滄	沧
滅	灭
滌	涤
滙	汇
滬	沪
滯	滞
滲	渗
滷	卤
滾	滚
滿	满
漁	渔
漢	汉
漲	涨
漸	渐
漿	浆
潑	泼
潔	洁
潛	潜
潤	润
潰	溃
澀	涩
澆	浇
澇	涝
澤	泽
澱	淀
濁	浊
濃	浓
濕	湿
濘	泞
濛	蒙
濟	济
濤	涛
濫	滥
濱	滨
濺	溅
濾	滤
瀉	泻
瀏	浏
瀕	濒
瀟	潇
瀰	弥
瀾	澜
灑	洒
灘	滩
灣	湾
災	灾
為	为
烏	乌
無	无
煉	炼
煙	烟
煥	焕
煩	烦
熒	荧
熱	热
燈	灯
燉	炖
燒	烧
燙	烫
營	营
燦	灿
燬	毁
燭	烛
燻	熏
爍	烁
爐	炉
爛	烂
爭	争
爲	为
爺	爷
爾	尔
牀	床
牆	墙
牴	抵
牽	牵
犧	牺
狀	状
狹	狭
狽	狈
猶	犹
獃	呆
獄	狱
獅	狮
獎	奖
獨	独
獲	获
獵	猎
獸	兽
獻	献
現	现
琱	雕
瑣	琐
瑩	莹
環	环
產	产
産	产
畝	亩
畢	毕
畫	画
異	异
畵	画
當	当
疇	畴
疊	叠
痠	酸
瘋	疯
瘓	痪
療	疗
癒	愈
癡	痴
癢	痒
癥	症
癮	瘾
癱	瘫
發	发
皁	皂
皺	皱
盃	杯
盜	盗
盞	盏
盡	尽
監	监
盤	盘
盪	荡
眞	真
眾	众
睏	困
睜	睁
睞	睐
瞞	瞒
矇	蒙
矚	瞩
矯	矫
硃	朱
碩	硕
確	确
碼	码
磚	砖
礎	础
礙	碍
礦	矿
祕	秘
禍	祸
禦	御
禪	禅
禮	礼
禱	祷
禿	秃
稅	税
稜	棱
種	种
稱	称
穀	谷
積	积
穎	颖
穢	秽
穩	稳
穫	获
窩	窝
窮	穷
窯	窑
窺	窥
竄	窜
竅	窍
竈	灶
竊	窃
竪	竖
競	竞
筆	笔
箇	个
箏	筝
節	节
範	范
築	筑
篩	筛
簡	简
簽	签
簾	帘
籃	篮
籌	筹
籠	笼
籤	签
籲	吁
粵	粤
糉	粽
糞	粪
糧	粮
糰	团
糾	纠
紀	纪
約	约
紅	红
紋	纹
納	纳
紐	纽
純	纯
紗	纱
紙	纸
級	级
紛	纷
紡	纺
紮	扎
細	细
紳	绅
紹	绍
終	终
絃	弦
組	组
絆	绊
結	结
絕	绝
絞	绞
絡	络
給	给
絨	绒
統	统
絲	丝
絶	绝
綁	绑
綉	绣
綑	捆
經	经
綜	综
綠	绿
綢	绸
綫	线
維	维
綱	纲
網	网
綳	绷
綴	缀
綵	彩
綻	绽
綽	绰
綿	绵
緊	紧
緋	绯
緑	绿
緒	绪
線	线
緝	缉
締	缔
緣	缘
編	编
緩	缓
緬	缅
緯	纬
練	练
緻	致
縛	缚
縣	县
縫	缝
縮	缩
縱	纵
縴	纤
縷	缕
總	总
績	绩
繃	绷
織	织
繞	绕
繡	绣
繩	绳
繪	绘
繫	系
繳	缴
繹	绎
繼	继
繽	缤
續	续
纍	累
纏	缠
纔	才
纖	纤
纜	缆
罈	坛
罎	坛
罰	罚
罵	骂
罷	罢
羅	罗
羣	群
羨	羡
義	义
習	习
翫	玩
翹	翘
聖	圣
聞	闻
聯	联
聰	聪
聲	声
聳	耸
職	职
聽	听
聾	聋
肅	肃
脅	胁
脈	脉
脣	唇
脩	修
脫	脱
脹	胀
腎	肾
腦	脑
腫	肿
腳	脚
腸	肠
膚	肤
膠	胶
膩	腻
膽	胆
臉	脸
臘	腊
臟	脏
臥	卧
臨	临
臺	台
與	与
興	兴
舉	举
舊	旧
舖	铺
舘	馆
艙	舱
艦	舰
艱	艰
艷	艳
茲	兹
荊	荆
莊	庄
莖	茎
華	华
菸	烟
萬	万
葉	叶
葯	药
葷	荤
蒐	搜
蒞	莅
蒼	苍
蓆	席
蓋	盖
蓮	莲
蔔	卜
蔘	参
蔥	葱
蔭	荫
蕩	荡
蕭	萧
薑	姜
薦	荐
薩	萨
藍	蓝
藝	艺
藥	药
藴	蕴
藹	蔼
蘆	芦
蘇	苏
蘊	蕴
蘋	苹
蘭	兰
蘿	萝
處	处
虛	虚
虜	虏
號	号
虧	亏
蝕	蚀
蝦	虾
螞	蚂
蟲	虫
蟻	蚁
蠅	蝇
蠟	蜡
蠻	蛮
衆	众
衊	蔑
術	术
衕	同
衚	胡
衛	卫
衝	冲
袷	夹
裏	里
補	补
裝	装
裡	里
製	制
複	复
褲	裤
襪	袜
襬	摆
襯	衬
襲	袭
覈	核
見	见
規	规
覓	觅
視	视
親	亲
覺	觉
覽	览
觀	观
觸	触
訂	订
計	计
訊	讯
討	讨
訓	训
託	托
記	记
訛	讹
訝	讶
訟	讼
訣	诀
訪	访
設	设
許	许
訴	诉
診	诊
註	注
証	证
詐	诈
評	评
詞	词
詠	咏
詢	询
試	试
詩	诗
詫	诧
詭	诡
詮	诠
話	话
該	该
詳	详
誇	夸
誌	志
認	认
誕	诞
誘	诱
語	语
誠	诚
誡	诫
誣	诬
誤	误
誦	诵
說	说
説	说
誰	谁
課	课
誹	诽
誼	谊
調	调
談	谈
請	请
諒	谅
論	论
諜	谍
諧	谐
諮	咨
諱	讳
諷	讽
諸	诸
諾	诺
謀	谋
謂	谓
謊	谎
謎	谜
謗	谤
謙	谦
講	讲
謝	谢
謠	谣
謡	谣
謬	谬
謹	谨
譁	哗
證	证
譏	讥
識	识
譜	谱
譟	噪
譭	毁
譯	译
議	议
譴	谴
護	护
譽	誉
讀	读
變	变
讓	让
讚	赞
谿	溪
豈	岂
豎	竖
豐	丰
豔	艳
豬	猪
貍	狸
貓	猫
貝	贝
貞	贞
負	负
財	财
貢	贡
貧	贫
貨	货
販	贩
貪	贪
貫	贯
責	责
貯	贮
貴	贵
貶	贬
買	买
貸	贷
費	费
貼	贴
貿	贸
賀	贺
賂	赂
賃	赁
賄	贿
資	资
賈	贾
賊	贼
賓	宾
賜	赐
賞	赏
賠	赔
賢	贤
賣	卖
賤	贱
賦	赋
質	质
賬	账
賭	赌
賴	赖
賺	赚
購	购
賽	赛
贅	赘
贈	赠
贊	赞
贍	赡
贏	赢
贓	赃
贖	赎
贜	赃
趕	赶
趙	赵
趨	趋
跡	迹
踐	践
踰	逾
踴	踊
蹟	迹
蹤	踪
蹺	跷
躍	跃
軀	躯
車	车
軌	轨
軍	军
軟	软
軸	轴
較	较
載	载
輓	挽
輔	辅
輕	轻
輛	辆
輝	辉
輩	辈
輪	轮
輯	辑
輸	输
輻	辐
輾	辗
輿	舆
轄	辖
轅	辕
轉	转
轍	辙
轎	轿
轟	轰
辦	办
辭	辞
辮	辫
辯	辩
農	农
迴	回
逕	径
這	这
連	连
週	周
進	进
遊	游
運	运
過	过
達	达
違	违
遙	遥
遜	逊
遞	递
遠	远
遡	溯
適	适
遲	迟
遶	绕
遷	迁
選	选
遺	遗
遼	辽
邁	迈
還	还
邊	边
邏	逻
郵	邮
鄉	乡
鄧	邓
鄭	郑
鄰	邻
醖	酝
醜	丑
醞	酝
醣	糖
醫	医
醬	酱
釀	酿
釁	衅
釋	释
釐	厘
釘	钉
針	针
釣	钓
釦	扣
鈅	钥
鈍	钝
鈎	钩
鈔	钞
鈕	钮
鈞	钧
鈡	钟
鈣	钙
鈴	铃
鉅	巨
鉆	钻
鉗	钳
鉛	铅
鉤	钩
銀	银
銅	铜
銘	铭
銜	衔
銳	锐
銷	销
銹	锈
鋁	铝
鋒	锋
鋤	锄
鋪	铺
鋭	锐
鋸	锯
鋼	钢
錄	录
錘	锤
錢	钱
錦	锦
錫	锡
錯	错
録	录
錶	表
鍊	炼
鍋	锅
鍛	锻
鍥	锲
鍵	键
鍼	针
鍾	钟
鎊	镑
鎖	锁
鎚	锤
鎭	镇
鎮	镇
鏇	旋
鏈	链
鏟	铲
鏡	镜
鏽	锈
鐘	钟
鐵	铁
鑄	铸
鑑	鉴
鑒	鉴
鑰	钥
鑲	镶
鑽	钻
鑿	凿
長	长
門	门
閃	闪
閉	闭
開	开
閑	闲
閒	闲
間	间
閘	闸
閡	阂
閣	阁
閤	合
閥	阀
閨	闺
閱	阅
閲	阅
閻	阎
闆	板
闇	暗
闊	阔
闖	闯
關	关
闡	阐
闢	辟
陞	升
陣	阵
陰	阴
陳	陈
陸	陆
陽	阳
隊	队
階	阶
隕	陨
際	际
隨	随
險	险
隱	隐
隸	隶
隻	只
雖	虽
雙	双
雜	杂
雞	鸡
離	离
難	难
雲	云
電	电
霑	沾
霧	雾
靈	灵
靜	静
靦	腼
鞏	巩
鞦	秋
韆	千
韌	韧
韓	韩
韻	韵
響	响
頁	页
頂	顶
頃	顷
項	项
順	顺
須	须
頌	颂
預	预
頑	顽
頒	颁
頓	顿
頗	颇
領	领
頭	头
頰	颊
頸	颈
頹	颓
頻	频
頽	颓
顆	颗
題	题
額	额
顏	颜
顔	颜
願	愿
顛	颠
類	类
顧	顾
顫	颤
顯	显
風	风
颱	台
颳	刮
飄	飘
飆	飙
飛	飞
飢	饥
飪	饪
飯	饭
飲	饮
飼	饲
飽	饱
飾	饰
餃	饺
餅	饼
養	养
餌	饵
餒	馁
餓	饿
餘	余
餚	肴
餡	馅
館	馆
餬	糊
餵	喂
饅	馒
饋	馈
饑	饥
饒	饶
饞	馋
馬	马
馭	驭
馮	冯
馱	驮
馳	驰
馴	驯
駁	驳
駐	驻
駕	驾
駛	驶
駡	骂
駭	骇
駿	骏
騎	骑
騙	骗
騰	腾
騷	骚
驅	驱
驕	骄
驗	验
驚	惊
驟	骤
髒	脏
體	体
髮	发
鬆	松
鬍	胡
鬚	须
鬥	斗
鬧	闹
鬨	哄
鬱	郁
魚	鱼
魯	鲁
鮮	鲜
鯉	鲤
鯊	鲨
鯨	鲸
鰐	鳄
鱷	鳄
鳥	鸟
鳳	凤
鳴	鸣
鴉	鸦
鴨	鸭
鴿	鸽
鵝	鹅
鵬	鹏
鵰	雕
鶴	鹤
鷄	鸡
鷹	鹰
鹵	卤
鹹	咸
鹽	盐
麗	丽
麥	麦
麪	面
麫	面
麯	曲
麴	曲
麵	面
麼	么
麽	么
黃	黄
點	点
黨	党
黴	霉
鼕	冬
齊	齐
齒	齿
齡	龄
齣	出
龍	龙
龐	庞
龜	龟
𡻕	岁
